position,edge_id,osm_way_id,osm_url,piece_index,direction,from_node,to_node,name,highway,travelled_m,route_start_m,route_end_m,entered,start_elevation_m,end_elevation_m,net_dz_m,descent_m,ascent_m,mean_grade_ratio,surface_class,surface_is_assumed,usability,usability_reason,structure_status,start_lat,start_lon,end_lat,end_lon,tag_bridge,tag_tunnel,tag_covered,tag_layer,tag_tracktype,tag_surface,tag_smoothness
1,osm-105307283-2-reverse,105307283,https://www.openstreetmap.org/way/105307283,2,reverse,9201862584,1213608029,Chemin des Bergers,residential,9.0,0.0,9.0,True,1827.91,1826.55,-1.36,1.36,0.0,-0.15291,asphalt_good,False,paved_reference,"surface=asphalt, smoothness unstated",normal,45.093237,6.067371,45.093159,6.067397,,,,,,asphalt,
2,osm-105310862-0-forward,105310862,https://www.openstreetmap.org/way/105310862,0,forward,1213608029,312823973,Chemin du Chamont,residential,210.66,9.0,219.66,True,1826.55,1800.96,-25.59,25.59,0.0,-0.12254,asphalt_good,False,paved_reference,"surface=asphalt, smoothness unstated",normal,45.093159,6.067397,45.091963,6.065358,,,,,,asphalt,
3,osm-105310862-1-forward,105310862,https://www.openstreetmap.org/way/105310862,1,forward,312823973,1342094371,Chemin du Chamont,residential,128.02,219.66,347.67,True,1800.96,1783.13,-17.83,17.83,0.0,-0.14066,asphalt_good,False,paved_reference,"surface=asphalt, smoothness unstated",normal,45.091963,6.065358,45.091094,6.064349,,,,,,asphalt,
4,osm-119437611-0-forward,119437611,https://www.openstreetmap.org/way/119437611,0,forward,1342094371,8419912487,Chemin du Chamont,residential,59.5,347.67,407.18,True,1783.13,1774.38,-8.75,8.75,0.0,-0.14867,asphalt_good,False,paved_reference,"surface=asphalt, smoothness unstated",normal,45.091094,6.064349,45.090642,6.063959,,,,,,asphalt,
5,osm-264130580-1-forward,264130580,https://www.openstreetmap.org/way/264130580,1,forward,8419912487,251671091,D 211,secondary,110.54,407.18,517.72,True,1774.38,1766.09,-8.29,8.51,0.22,-0.07529,asphalt_good,False,paved_reference,"surface=asphalt, smoothness unstated",normal,45.090642,6.063959,45.090862,6.062603,,,,,,asphalt,
6,osm-264130580-2-forward,264130580,https://www.openstreetmap.org/way/264130580,2,forward,251671091,251671090,D 211,secondary,111.0,517.72,628.71,True,1766.09,1756.68,-9.41,9.41,0.0,-0.08515,asphalt_good,False,paved_reference,"surface=asphalt, smoothness unstated",normal,45.090862,6.062603,45.091209,6.061302,,,,,,asphalt,
7,osm-724634109-0-forward,724634109,https://www.openstreetmap.org/way/724634109,0,forward,251671090,2619567124,D 211,secondary,17.51,628.71,646.23,True,1756.68,1755.73,-0.95,0.95,0.0,-0.05433,asphalt_good,False,paved_reference,"surface=asphalt, smoothness unstated",normal,45.091209,6.061302,45.091285,6.061108,,,,,,asphalt,
8,osm-724634109-1-forward,724634109,https://www.openstreetmap.org/way/724634109,1,forward,2619567124,2619567175,D 211,secondary,137.43,646.23,783.65,True,1755.73,1743.69,-12.04,12.04,0.0,-0.08799,asphalt_good,False,paved_reference,"surface=asphalt, smoothness unstated",normal,45.091285,6.061108,45.091636,6.059441,,,,,,asphalt,
9,osm-724634109-2-forward,724634109,https://www.openstreetmap.org/way/724634109,2,forward,2619567175,9389663845,D 211,secondary,19.34,783.65,802.99,True,1743.69,1742.34,-1.35,1.35,0.0,-0.06998,asphalt_good,False,paved_reference,"surface=asphalt, smoothness unstated",normal,45.091636,6.059441,45.091685,6.059205,,,,,,asphalt,
10,osm-724634109-3-forward,724634109,https://www.openstreetmap.org/way/724634109,3,forward,9389663845,312353109,D 211,secondary,145.02,802.99,948.01,True,1742.34,1730.18,-12.16,12.16,0.0,-0.08415,asphalt_good,False,paved_reference,"surface=asphalt, smoothness unstated",normal,45.091685,6.059205,45.091835,6.057384,,,,,,asphalt,
11,osm-724634109-4-forward,724634109,https://www.openstreetmap.org/way/724634109,4,forward,312353109,251671074,D 211,secondary,263.79,948.01,1211.8,True,1730.18,1709.79,-20.39,20.44,0.05,-0.07763,asphalt_good,False,paved_reference,"surface=asphalt, smoothness unstated",normal,45.091835,6.057384,45.091385,6.056484,,,,,,asphalt,
12,osm-724634109-5-forward,724634109,https://www.openstreetmap.org/way/724634109,5,forward,251671074,6796050639,D 211,secondary,9.75,1211.8,1221.55,True,1709.79,1708.61,-1.18,1.18,0.0,-0.12197,asphalt_good,False,paved_reference,"surface=asphalt, smoothness unstated",normal,45.091385,6.056484,45.091354,6.056599,,,,,,asphalt,
13,osm-1462422580-0-forward,1462422580,https://www.openstreetmap.org/way/1462422580,0,forward,6796050639,9389660910,D 211,secondary,125.17,1221.55,1346.73,True,1708.61,1697.15,-11.46,11.46,0.0,-0.09196,asphalt_good,False,paved_reference,"surface=asphalt, smoothness unstated",normal,45.091354,6.056599,45.090769,6.057942,,,,,,asphalt,
14,osm-1462422580-1-forward,1462422580,https://www.openstreetmap.org/way/1462422580,1,forward,9389660910,9389660886,D 211,secondary,42.24,1346.73,1388.96,True,1697.15,1692.94,-4.21,4.21,0.0,-0.10018,asphalt_good,False,paved_reference,"surface=asphalt, smoothness unstated",normal,45.090769,6.057942,45.090522,6.058346,,,,,,asphalt,
15,osm-1462422580-2-forward,1462422580,https://www.openstreetmap.org/way/1462422580,2,forward,9389660886,9389660853,D 211,secondary,134.58,1388.96,1523.55,True,1692.94,1679.27,-13.67,13.67,0.0,-0.10211,asphalt_good,False,paved_reference,"surface=asphalt, smoothness unstated",normal,45.090522,6.058346,45.089667,6.059543,,,,,,asphalt,
16,osm-264100584-0-forward,264100584,https://www.openstreetmap.org/way/264100584,0,forward,9389660853,9389660862,D 211,secondary,51.97,1523.55,1575.52,True,1679.27,1674.61,-4.66,4.66,0.0,-0.09003,asphalt_good,False,paved_reference,"surface=asphalt, smoothness unstated",normal,45.089667,6.059543,45.089285,6.05992,,,,,,asphalt,
17,osm-264100584-1-forward,264100584,https://www.openstreetmap.org/way/264100584,1,forward,9389660862,251671067,D 211,secondary,73.92,1575.52,1649.44,True,1674.61,1670.13,-4.48,4.48,0.0,-0.06074,asphalt_good,False,paved_reference,"surface=asphalt, smoothness unstated",normal,45.089285,6.05992,45.088754,6.060477,,,,,,asphalt,
18,osm-264100584-2-forward,264100584,https://www.openstreetmap.org/way/264100584,2,forward,251671067,312348670,D 211,secondary,622.67,1649.44,2272.11,True,1670.13,1613.47,-56.66,56.66,0.0,-0.09143,asphalt_good,False,paved_reference,"surface=asphalt, smoothness unstated",normal,45.088754,6.060477,45.087687,6.057829,,,,,,asphalt,
19,osm-28437435-0-forward,28437435,https://www.openstreetmap.org/way/28437435,0,forward,312348670,13326635869,D 211,secondary,101.05,2272.11,2373.16,True,1613.47,1600.01,-13.46,13.46,0.0,-0.1344,asphalt_good,False,paved_reference,"surface=asphalt, smoothness unstated",normal,45.087687,6.057829,45.086881,6.058396,,,,,,asphalt,
20,osm-1453146526-0-forward,1453146526,https://www.openstreetmap.org/way/1453146526,0,forward,13326635869,4461010813,D 211,secondary,8.33,2373.16,2381.49,True,1600.01,1598.95,-1.06,1.06,0.0,-0.12831,asphalt_good,False,paved_reference,"surface=asphalt, smoothness unstated",stacked,45.086881,6.058396,45.086816,6.058447,,,,-1,,asphalt,
21,osm-1453146525-0-forward,1453146525,https://www.openstreetmap.org/way/1453146525,0,forward,4461010813,254500290,D 211,secondary,31.58,2381.49,2413.07,True,1598.95,1594.68,-4.27,4.27,0.0,-0.13647,asphalt_good,False,paved_reference,"surface=asphalt, smoothness unstated",normal,45.086816,6.058447,45.086571,6.058644,,,,,,asphalt,
22,osm-264130575-0-forward,264130575,https://www.openstreetmap.org/way/264130575,0,forward,254500290,312438177,D 211,secondary,78.23,2413.07,2491.3,True,1594.68,1589.94,-4.74,4.74,0.0,-0.06074,asphalt_good,False,paved_reference,"surface=asphalt, smoothness unstated",normal,45.086571,6.058644,45.086002,6.059226,,,,,,asphalt,
23,osm-264130575-1-forward,264130575,https://www.openstreetmap.org/way/264130575,1,forward,312438177,312438196,D 211,secondary,65.95,2491.3,2557.25,True,1589.94,1586.56,-3.38,3.38,0.0,-0.05133,asphalt_good,False,paved_reference,"surface=asphalt, smoothness unstated",normal,45.086002,6.059226,45.085514,6.0597,,,,,,asphalt,
24,osm-264130575-2-forward,264130575,https://www.openstreetmap.org/way/264130575,2,forward,312438196,251671044,D 211,secondary,89.96,2557.25,2647.21,True,1586.56,1577.21,-9.35,9.35,0.0,-0.10452,asphalt_good,False,paved_reference,"surface=asphalt, smoothness unstated",normal,45.085514,6.0597,45.084766,6.06012,,,,,,asphalt,
25,osm-1315255667-0-forward,1315255667,https://www.openstreetmap.org/way/1315255667,0,forward,251671044,1217766512,D 211,secondary,23.72,2647.21,2670.93,True,1577.21,1574.89,-2.32,2.32,0.0,-0.09827,asphalt_good,False,paved_reference,"surface=asphalt, smoothness unstated",normal,45.084766,6.06012,45.084559,6.060183,,,,,,asphalt,
26,osm-1315255667-1-forward,1315255667,https://www.openstreetmap.org/way/1315255667,1,forward,1217766512,3405661098,D 211,secondary,155.0,2670.93,2825.93,True,1574.89,1561.5,-13.39,13.39,0.0,-0.08677,asphalt_good,False,paved_reference,"surface=asphalt, smoothness unstated",normal,45.084559,6.060183,45.083608,6.06146,,,,,,asphalt,
27,osm-1315255667-2-forward,1315255667,https://www.openstreetmap.org/way/1315255667,2,forward,3405661098,12174271536,D 211,secondary,117.06,2825.93,2942.99,True,1561.5,1554.18,-7.32,9.43,2.11,-0.06307,asphalt_good,False,paved_reference,"surface=asphalt, smoothness unstated",normal,45.083608,6.06146,45.083488,6.062395,,,,,,asphalt,
28,osm-1462422576-0-forward,1462422576,https://www.openstreetmap.org/way/1462422576,0,forward,12174271536,1217724341,D 211,secondary,190.86,2942.99,3133.85,True,1554.18,1534.68,-19.5,20.04,0.54,-0.10284,asphalt_good,False,paved_reference,"surface=asphalt, smoothness unstated",normal,45.083488,6.062395,45.08307,6.060066,,,,,,asphalt,
29,osm-1462422576-1-forward,1462422576,https://www.openstreetmap.org/way/1462422576,1,forward,1217724341,1217718917,D 211,secondary,83.98,3133.85,3217.83,True,1534.68,1528.16,-6.52,6.52,0.0,-0.07788,asphalt_good,False,paved_reference,"surface=asphalt, smoothness unstated",normal,45.08307,6.060066,45.083008,6.059008,,,,,,asphalt,
30,osm-28437433-0-forward,28437433,https://www.openstreetmap.org/way/28437433,0,forward,1217718917,12100023177,D 211,secondary,9.92,3217.83,3227.75,True,1528.16,1527.16,-1.0,1.0,0.0,-0.10131,asphalt_good,False,paved_reference,"surface=asphalt, smoothness unstated",normal,45.083008,6.059008,45.083013,6.058883,,,,,,asphalt,
31,osm-28437433-1-forward,28437433,https://www.openstreetmap.org/way/28437433,1,forward,12100023177,1217732368,D 211,secondary,296.34,3227.75,3524.08,True,1527.16,1500.31,-26.85,26.85,0.0,-0.09112,asphalt_good,False,paved_reference,"surface=asphalt, smoothness unstated",normal,45.083013,6.058883,45.0823,6.057914,,,,,,asphalt,
32,osm-28437433-2-forward,28437433,https://www.openstreetmap.org/way/28437433,2,forward,1217732368,4461010500,D 211,secondary,64.17,3524.08,3588.26,True,1500.31,1499.54,-0.77,1.19,0.42,-0.012,asphalt_good,False,paved_reference,"surface=asphalt, smoothness unstated",normal,45.0823,6.057914,45.082226,6.058715,,,,,,asphalt,
33,osm-28437433-3-forward,28437433,https://www.openstreetmap.org/way/28437433,3,forward,4461010500,518445642,D 211,secondary,78.73,3588.26,3666.99,True,1499.54,1495.97,-3.57,3.57,0.0,-0.0454,asphalt_good,False,paved_reference,"surface=asphalt, smoothness unstated",normal,45.082226,6.058715,45.0822,6.059714,,,,,,asphalt,
34,osm-222918432-0-forward,222918432,https://www.openstreetmap.org/way/222918432,0,forward,518445642,1217815547,D 211C,tertiary,84.76,3666.99,3751.76,True,1495.97,1488.08,-7.89,7.89,0.0,-0.09363,asphalt_good,False,paved_reference,"surface=asphalt, smoothness unstated",normal,45.0822,6.059714,45.081922,6.058728,,,,,,asphalt,
35,osm-222918432-1-forward,222918432,https://www.openstreetmap.org/way/222918432,1,forward,1217815547,1217815486,D 211C,tertiary,20.98,3751.76,3772.74,True,1488.08,1485.84,-2.24,2.24,0.0,-0.10738,asphalt_good,False,paved_reference,"surface=asphalt, smoothness unstated",normal,45.081922,6.058728,45.081827,6.058499,,,,,,asphalt,
36,osm-222918432-2-forward,222918432,https://www.openstreetmap.org/way/222918432,2,forward,1217815486,10708974419,D 211C,tertiary,12.47,3772.74,3785.21,True,1485.84,1484.58,-1.26,1.26,0.0,-0.10153,asphalt_good,False,paved_reference,"surface=asphalt, smoothness unstated",normal,45.081827,6.058499,45.081767,6.058366,,,,,,asphalt,
37,osm-222918432-3-forward,222918432,https://www.openstreetmap.org/way/222918432,3,forward,10708974419,518445636,D 211C,tertiary,34.37,3785.21,3819.59,True,1484.58,1483.53,-1.05,1.05,0.0,-0.03056,asphalt_good,False,paved_reference,"surface=asphalt, smoothness unstated",normal,45.081767,6.058366,45.081676,6.057949,,,,,,asphalt,
38,osm-222918432-4-forward,222918432,https://www.openstreetmap.org/way/222918432,4,forward,518445636,1217765995,D 211C,tertiary,4.84,3819.59,3824.43,True,1483.53,1483.45,-0.08,0.08,0.0,-0.01653,asphalt_good,False,paved_reference,"surface=asphalt, smoothness unstated",normal,45.081676,6.057949,45.081667,6.057889,,,,,,asphalt,
39,osm-222918432-5-forward,222918432,https://www.openstreetmap.org/way/222918432,5,forward,1217765995,1217765764,D 211C,tertiary,16.49,3824.43,3840.92,True,1483.45,1483.46,0.01,-0.0,0.01,0.00061,asphalt_good,False,paved_reference,"surface=asphalt, smoothness unstated",normal,45.081667,6.057889,45.081666,6.057679,,,,,,asphalt,
40,osm-222918432-6-forward,222918432,https://www.openstreetmap.org/way/222918432,6,forward,1217765764,1217765880,D 211C,tertiary,14.75,3840.92,3855.67,True,1483.46,1482.39,-1.07,1.07,0.0,-0.07272,asphalt_good,False,paved_reference,"surface=asphalt, smoothness unstated",normal,45.081666,6.057679,45.081641,6.057495,,,,,,asphalt,
41,osm-222918432-7-forward,222918432,https://www.openstreetmap.org/way/222918432,7,forward,1217765880,1217732285,D 211C,tertiary,10.72,3855.67,3866.4,True,1482.39,1482.16,-0.23,0.23,0.0,-0.02145,asphalt_good,False,paved_reference,"surface=asphalt, smoothness unstated",normal,45.081641,6.057495,45.081646,6.057359,,,,,,asphalt,
42,osm-222918432-8-forward,222918432,https://www.openstreetmap.org/way/222918432,8,forward,1217732285,1217765899,D 211C,tertiary,26.5,3866.4,3892.89,True,1482.16,1482.03,-0.13,0.13,0.0,-0.00491,asphalt_good,False,paved_reference,"surface=asphalt, smoothness unstated",normal,45.081646,6.057359,45.081747,6.057054,,,,,,asphalt,
43,osm-222918432-9-forward,222918432,https://www.openstreetmap.org/way/222918432,9,forward,1217765899,10708974441,D 211C,tertiary,33.59,3892.89,3926.49,True,1482.03,1479.81,-2.22,2.22,0.0,-0.06624,asphalt_good,False,paved_reference,"surface=asphalt, smoothness unstated",normal,45.081747,6.057054,45.081875,6.056672,,,,,,asphalt,
44,osm-222918432-10-forward,222918432,https://www.openstreetmap.org/way/222918432,10,forward,10708974441,518445630,D 211C,tertiary,29.6,3926.49,3956.09,True,1479.81,1474.73,-5.08,5.08,0.0,-0.17464,asphalt_good,False,paved_reference,"surface=asphalt, smoothness unstated",normal,45.081875,6.056672,45.081956,6.056339,,,,,,asphalt,
45,osm-72898374-0-forward,72898374,https://www.openstreetmap.org/way/72898374,0,forward,518445630,11619002983,D 212B,tertiary,94.5,3956.09,4050.59,True,1474.73,1466.15,-8.58,8.58,0.0,-0.09121,asphalt_good,False,paved_reference,"surface=asphalt, smoothness unstated",normal,45.081956,6.056339,45.081138,6.056607,,,,,,asphalt,
46,osm-72898374-1-forward,72898374,https://www.openstreetmap.org/way/72898374,1,forward,11619002983,1217732284,D 212B,tertiary,28.09,4050.59,4078.68,True,1466.15,1464.73,-1.42,1.42,0.0,-0.05061,asphalt_good,False,paved_reference,"surface=asphalt, smoothness unstated",normal,45.081138,6.056607,45.080969,6.05687,,,,,,asphalt,
47,osm-72898374-2-forward,72898374,https://www.openstreetmap.org/way/72898374,2,forward,1217732284,1217765261,D 212B,tertiary,7.65,4078.68,4086.33,True,1464.73,1463.96,-0.77,0.77,0.0,-0.10117,asphalt_good,False,paved_reference,"surface=asphalt, smoothness unstated",normal,45.080969,6.05687,45.080935,6.056954,,,,,,asphalt,
48,osm-72898374-3-forward,72898374,https://www.openstreetmap.org/way/72898374,3,forward,1217765261,1217765728,D 212B,tertiary,35.03,4086.33,4121.36,True,1463.96,1458.19,-5.77,5.77,0.0,-0.16704,asphalt_good,False,paved_reference,"surface=asphalt, smoothness unstated",normal,45.080935,6.056954,45.080815,6.057358,,,,,,asphalt,
49,osm-72898374-4-forward,72898374,https://www.openstreetmap.org/way/72898374,4,forward,1217765728,1217766794,D 212B,tertiary,56.23,4121.36,4177.6,True,1458.19,1452.09,-6.1,6.1,0.0,-0.10916,asphalt_good,False,paved_reference,"surface=asphalt, smoothness unstated",normal,45.080815,6.057358,45.080782,6.058066,,,,,,asphalt,
50,osm-72898374-5-forward,72898374,https://www.openstreetmap.org/way/72898374,5,forward,1217766794,11189119778,D 212B,tertiary,5.38,4177.6,4182.98,True,1452.09,1451.44,-0.65,0.65,0.0,-0.12165,asphalt_good,False,paved_reference,"surface=asphalt, smoothness unstated",normal,45.080782,6.058066,45.080782,6.058134,,,,,,asphalt,
51,osm-72898374-6-forward,72898374,https://www.openstreetmap.org/way/72898374,6,forward,11189119778,3348764677,D 212B,tertiary,54.25,4182.98,4237.23,True,1451.44,1448.08,-3.36,3.36,0.0,-0.06234,asphalt_good,False,paved_reference,"surface=asphalt, smoothness unstated",normal,45.080782,6.058134,45.080875,6.058785,,,,,,asphalt,
52,osm-1082369795-0-forward,1082369795,https://www.openstreetmap.org/way/1082369795,0,forward,3348764677,1217767076,D 211,secondary,181.29,4237.23,4418.51,True,1448.08,1433.81,-14.27,14.27,0.0,-0.07899,asphalt_good,False,paved_reference,"surface=asphalt, smoothness unstated",normal,45.080875,6.058785,45.080066,6.056801,,,,,,asphalt,
53,osm-1082369795-1-forward,1082369795,https://www.openstreetmap.org/way/1082369795,1,forward,1217767076,1217766233,D 211,secondary,42.85,4418.51,4461.36,True,1433.81,1436.55,2.74,-0.0,2.74,0.06408,asphalt_good,False,paved_reference,"surface=asphalt, smoothness unstated",normal,45.080066,6.056801,45.0801,6.056262,,,,,,asphalt,
54,osm-1082369795-2-forward,1082369795,https://www.openstreetmap.org/way/1082369795,2,forward,1217766233,687754951,D 211,secondary,58.99,4461.36,4520.35,True,1436.55,1435.86,-0.69,1.52,0.83,-0.01171,asphalt_good,False,paved_reference,"surface=asphalt, smoothness unstated",normal,45.0801,6.056262,45.080398,6.055687,,,,,,asphalt,
55,osm-1082369794-0-forward,1082369794,https://www.openstreetmap.org/way/1082369794,0,forward,687754951,251670872,D 211,secondary,385.62,4520.35,4905.97,True,1435.86,1399.07,-36.79,39.67,2.88,-0.09615,asphalt_good,False,paved_reference,"surface=asphalt, smoothness unstated",normal,45.080398,6.055687,45.07818,6.054085,,,,,,asphalt,
