osm_way_id,osm_structure,bd_topo_kind_searched,nearest_bd_topo_match_m,agreement,osm_url
23258945,tunnel,tunnel,,osm_only,https://www.openstreetmap.org/way/23258945
23370662,tunnel,tunnel,76.7,osm_only,https://www.openstreetmap.org/way/23370662
24385206,tunnel,tunnel,18.6,agree,https://www.openstreetmap.org/way/24385206
30483374,bridge,bridge,14.1,agree,https://www.openstreetmap.org/way/30483374
36939189,bridge,bridge,8.2,agree,https://www.openstreetmap.org/way/36939189
49210502,bridge,bridge,3.6,agree,https://www.openstreetmap.org/way/49210502
54396765,tunnel,tunnel,51.6,osm_only,https://www.openstreetmap.org/way/54396765
61497927,tunnel,tunnel,44.1,osm_only,https://www.openstreetmap.org/way/61497927
61497929,tunnel,tunnel,2.4,agree,https://www.openstreetmap.org/way/61497929
71809489,bridge,bridge,2.1,agree,https://www.openstreetmap.org/way/71809489
93975010,tunnel,tunnel,7.8,agree,https://www.openstreetmap.org/way/93975010
93995461,bridge,bridge,41.1,osm_only,https://www.openstreetmap.org/way/93995461
96286816,tunnel,tunnel,6.3,agree,https://www.openstreetmap.org/way/96286816
96291294,bridge,bridge,48.9,osm_only,https://www.openstreetmap.org/way/96291294
98613479,bridge,bridge,5.2,agree,https://www.openstreetmap.org/way/98613479
105446060,tunnel,tunnel,6.8,agree,https://www.openstreetmap.org/way/105446060
105839525,tunnel,tunnel,,osm_only,https://www.openstreetmap.org/way/105839525
105839529,tunnel,tunnel,,osm_only,https://www.openstreetmap.org/way/105839529
105839531,bridge,bridge,23.9,agree,https://www.openstreetmap.org/way/105839531
105839533,tunnel,tunnel,,osm_only,https://www.openstreetmap.org/way/105839533
107161941,tunnel,tunnel,91.2,osm_only,https://www.openstreetmap.org/way/107161941
107161943,tunnel,tunnel,11.1,agree,https://www.openstreetmap.org/way/107161943
107161944,tunnel,tunnel,17.9,agree,https://www.openstreetmap.org/way/107161944
119453059,bridge,bridge,,osm_only,https://www.openstreetmap.org/way/119453059
119453636,bridge,bridge,1.4,agree,https://www.openstreetmap.org/way/119453636
119586229,bridge,bridge,,osm_only,https://www.openstreetmap.org/way/119586229
119611336,bridge,bridge,1.1,agree,https://www.openstreetmap.org/way/119611336
119611341,bridge,bridge,12.9,agree,https://www.openstreetmap.org/way/119611341
119611351,bridge,bridge,2.1,agree,https://www.openstreetmap.org/way/119611351
119744553,bridge,bridge,3.2,agree,https://www.openstreetmap.org/way/119744553
122000404,bridge,bridge,1.2,agree,https://www.openstreetmap.org/way/122000404
122019455,stacked,tunnel,23.4,agree,https://www.openstreetmap.org/way/122019455
132605196,bridge,bridge,8.0,agree,https://www.openstreetmap.org/way/132605196
132668859,bridge,bridge,6.4,agree,https://www.openstreetmap.org/way/132668859
132668862,bridge,bridge,78.1,osm_only,https://www.openstreetmap.org/way/132668862
132668877,bridge,bridge,88.8,osm_only,https://www.openstreetmap.org/way/132668877
132668878,bridge,bridge,60.2,osm_only,https://www.openstreetmap.org/way/132668878
132675328,tunnel,tunnel,,osm_only,https://www.openstreetmap.org/way/132675328
132676259,bridge,bridge,6.0,agree,https://www.openstreetmap.org/way/132676259
132695613,bridge,bridge,23.2,agree,https://www.openstreetmap.org/way/132695613
132695618,bridge,bridge,1.2,agree,https://www.openstreetmap.org/way/132695618
132699869,bridge,bridge,,osm_only,https://www.openstreetmap.org/way/132699869
133322450,tunnel,tunnel,,osm_only,https://www.openstreetmap.org/way/133322450
141773275,bridge,bridge,,osm_only,https://www.openstreetmap.org/way/141773275
165523293,bridge,bridge,3.3,agree,https://www.openstreetmap.org/way/165523293
165523302,bridge,bridge,19.5,agree,https://www.openstreetmap.org/way/165523302
171335071,tunnel,tunnel,,osm_only,https://www.openstreetmap.org/way/171335071
171335072,tunnel,tunnel,,osm_only,https://www.openstreetmap.org/way/171335072
171335075,tunnel,tunnel,,osm_only,https://www.openstreetmap.org/way/171335075
171347935,bridge,bridge,57.1,osm_only,https://www.openstreetmap.org/way/171347935
181438140,bridge,bridge,14.6,agree,https://www.openstreetmap.org/way/181438140
181438141,bridge,bridge,26.7,agree,https://www.openstreetmap.org/way/181438141
184653572,bridge,bridge,16.7,agree,https://www.openstreetmap.org/way/184653572
186897657,bridge,bridge,3.7,agree,https://www.openstreetmap.org/way/186897657
187047092,bridge,bridge,,osm_only,https://www.openstreetmap.org/way/187047092
187047093,bridge,bridge,,osm_only,https://www.openstreetmap.org/way/187047093
187050875,tunnel,tunnel,6.9,agree,https://www.openstreetmap.org/way/187050875
187050891,tunnel,tunnel,17.0,agree,https://www.openstreetmap.org/way/187050891
187055319,stacked,tunnel,,osm_only,https://www.openstreetmap.org/way/187055319
187059678,tunnel,tunnel,42.1,osm_only,https://www.openstreetmap.org/way/187059678
187062885,bridge,bridge,10.2,agree,https://www.openstreetmap.org/way/187062885
187063075,bridge,bridge,5.3,agree,https://www.openstreetmap.org/way/187063075
187063076,bridge,bridge,3.8,agree,https://www.openstreetmap.org/way/187063076
206313879,bridge,bridge,10.3,agree,https://www.openstreetmap.org/way/206313879
206313886,bridge,bridge,6.2,agree,https://www.openstreetmap.org/way/206313886
206313890,bridge,bridge,2.9,agree,https://www.openstreetmap.org/way/206313890
206313891,stacked,tunnel,71.6,osm_only,https://www.openstreetmap.org/way/206313891
206313899,tunnel,tunnel,62.6,osm_only,https://www.openstreetmap.org/way/206313899
210456502,bridge,bridge,22.6,agree,https://www.openstreetmap.org/way/210456502
210456503,bridge,bridge,34.4,osm_only,https://www.openstreetmap.org/way/210456503
210456507,bridge,bridge,1.3,agree,https://www.openstreetmap.org/way/210456507
222303614,bridge,bridge,12.8,agree,https://www.openstreetmap.org/way/222303614
222918434,stacked,tunnel,,osm_only,https://www.openstreetmap.org/way/222918434
224136094,bridge,bridge,9.1,agree,https://www.openstreetmap.org/way/224136094
230345385,tunnel,tunnel,,osm_only,https://www.openstreetmap.org/way/230345385
231972228,tunnel,tunnel,,osm_only,https://www.openstreetmap.org/way/231972228
232197429,bridge,bridge,4.0,agree,https://www.openstreetmap.org/way/232197429
232351554,bridge,bridge,12.6,agree,https://www.openstreetmap.org/way/232351554
232652511,bridge,bridge,7.6,agree,https://www.openstreetmap.org/way/232652511
232936482,tunnel,tunnel,,osm_only,https://www.openstreetmap.org/way/232936482
232939749,bridge,bridge,9.9,agree,https://www.openstreetmap.org/way/232939749
234164221,bridge,bridge,9.4,agree,https://www.openstreetmap.org/way/234164221
234164223,tunnel,tunnel,,osm_only,https://www.openstreetmap.org/way/234164223
234164224,bridge,bridge,2.3,agree,https://www.openstreetmap.org/way/234164224
234521567,bridge,bridge,2.2,agree,https://www.openstreetmap.org/way/234521567
236359528,bridge,bridge,9.4,agree,https://www.openstreetmap.org/way/236359528
236712770,bridge,bridge,12.8,agree,https://www.openstreetmap.org/way/236712770
237060197,tunnel,tunnel,57.2,osm_only,https://www.openstreetmap.org/way/237060197
238287347,stacked,tunnel,,osm_only,https://www.openstreetmap.org/way/238287347
238289387,bridge,bridge,17.5,agree,https://www.openstreetmap.org/way/238289387
238290938,bridge,bridge,5.3,agree,https://www.openstreetmap.org/way/238290938
238305974,bridge,bridge,1.5,agree,https://www.openstreetmap.org/way/238305974
238309672,bridge,bridge,,osm_only,https://www.openstreetmap.org/way/238309672
238413286,bridge,bridge,,osm_only,https://www.openstreetmap.org/way/238413286
238419040,tunnel,tunnel,46.5,osm_only,https://www.openstreetmap.org/way/238419040
238494505,bridge,bridge,4.6,agree,https://www.openstreetmap.org/way/238494505
252083565,bridge,bridge,,osm_only,https://www.openstreetmap.org/way/252083565
254654387,bridge,bridge,3.1,agree,https://www.openstreetmap.org/way/254654387
259021125,tunnel,tunnel,,osm_only,https://www.openstreetmap.org/way/259021125
259021129,tunnel,tunnel,,osm_only,https://www.openstreetmap.org/way/259021129
259021136,stacked,tunnel,,osm_only,https://www.openstreetmap.org/way/259021136
261135292,bridge,bridge,2.8,agree,https://www.openstreetmap.org/way/261135292
261135294,bridge,bridge,1.1,agree,https://www.openstreetmap.org/way/261135294
268228867,bridge,bridge,,osm_only,https://www.openstreetmap.org/way/268228867
270537151,bridge,bridge,6.0,agree,https://www.openstreetmap.org/way/270537151
271950740,bridge,bridge,11.4,agree,https://www.openstreetmap.org/way/271950740
271950741,bridge,bridge,8.5,agree,https://www.openstreetmap.org/way/271950741
271950743,bridge,bridge,5.3,agree,https://www.openstreetmap.org/way/271950743
271950746,bridge,bridge,12.4,agree,https://www.openstreetmap.org/way/271950746
271950747,bridge,bridge,22.7,agree,https://www.openstreetmap.org/way/271950747
277885737,tunnel,tunnel,6.5,agree,https://www.openstreetmap.org/way/277885737
333253145,tunnel,tunnel,62.4,osm_only,https://www.openstreetmap.org/way/333253145
334897722,tunnel,tunnel,196.2,osm_only,https://www.openstreetmap.org/way/334897722
348165242,bridge,bridge,9.7,agree,https://www.openstreetmap.org/way/348165242
355428567,bridge,bridge,,osm_only,https://www.openstreetmap.org/way/355428567
357232583,bridge,bridge,,osm_only,https://www.openstreetmap.org/way/357232583
358680402,bridge,bridge,9.7,agree,https://www.openstreetmap.org/way/358680402
358680412,bridge,bridge,11.1,agree,https://www.openstreetmap.org/way/358680412
358680415,bridge,bridge,2.9,agree,https://www.openstreetmap.org/way/358680415
363027458,bridge,bridge,,osm_only,https://www.openstreetmap.org/way/363027458
363027463,bridge,bridge,0.7,agree,https://www.openstreetmap.org/way/363027463
363027464,bridge,bridge,,osm_only,https://www.openstreetmap.org/way/363027464
371921475,tunnel,tunnel,40.3,osm_only,https://www.openstreetmap.org/way/371921475
404715675,bridge,bridge,8.0,agree,https://www.openstreetmap.org/way/404715675
405749047,tunnel,tunnel,,osm_only,https://www.openstreetmap.org/way/405749047
430445279,bridge,bridge,2.1,agree,https://www.openstreetmap.org/way/430445279
430445287,bridge,bridge,13.7,agree,https://www.openstreetmap.org/way/430445287
435314766,bridge,bridge,,osm_only,https://www.openstreetmap.org/way/435314766
435314767,bridge,bridge,,osm_only,https://www.openstreetmap.org/way/435314767
439702664,bridge,bridge,3.3,agree,https://www.openstreetmap.org/way/439702664
439703035,bridge,bridge,4.7,agree,https://www.openstreetmap.org/way/439703035
517102011,bridge,bridge,,osm_only,https://www.openstreetmap.org/way/517102011
517102031,bridge,bridge,3.2,agree,https://www.openstreetmap.org/way/517102031
517102032,bridge,bridge,8.2,agree,https://www.openstreetmap.org/way/517102032
517105326,bridge,bridge,,osm_only,https://www.openstreetmap.org/way/517105326
517321892,bridge,bridge,9.8,agree,https://www.openstreetmap.org/way/517321892
521292039,bridge,bridge,,osm_only,https://www.openstreetmap.org/way/521292039
532727904,bridge,bridge,113.3,osm_only,https://www.openstreetmap.org/way/532727904
532727921,bridge,bridge,9.3,agree,https://www.openstreetmap.org/way/532727921
584390797,bridge,bridge,4.0,agree,https://www.openstreetmap.org/way/584390797
589294671,tunnel,tunnel,,osm_only,https://www.openstreetmap.org/way/589294671
589297196,tunnel,tunnel,,osm_only,https://www.openstreetmap.org/way/589297196
614376733,bridge,bridge,4.6,agree,https://www.openstreetmap.org/way/614376733
625786162,bridge,bridge,17.2,agree,https://www.openstreetmap.org/way/625786162
625786695,bridge,bridge,12.6,agree,https://www.openstreetmap.org/way/625786695
626013866,bridge,bridge,132.8,osm_only,https://www.openstreetmap.org/way/626013866
626234020,bridge,bridge,115.6,osm_only,https://www.openstreetmap.org/way/626234020
626240275,bridge,bridge,,osm_only,https://www.openstreetmap.org/way/626240275
626264972,bridge,bridge,80.5,osm_only,https://www.openstreetmap.org/way/626264972
626264976,bridge,bridge,24.7,agree,https://www.openstreetmap.org/way/626264976
675294657,tunnel,tunnel,,osm_only,https://www.openstreetmap.org/way/675294657
675294661,stacked,tunnel,,osm_only,https://www.openstreetmap.org/way/675294661
675294663,tunnel,tunnel,,osm_only,https://www.openstreetmap.org/way/675294663
675977111,bridge,bridge,,osm_only,https://www.openstreetmap.org/way/675977111
678177347,bridge,bridge,0.3,agree,https://www.openstreetmap.org/way/678177347
678385416,bridge,bridge,,osm_only,https://www.openstreetmap.org/way/678385416
698722677,bridge,bridge,127.9,osm_only,https://www.openstreetmap.org/way/698722677
701963591,bridge,bridge,5.6,agree,https://www.openstreetmap.org/way/701963591
702163288,bridge,bridge,,osm_only,https://www.openstreetmap.org/way/702163288
702163318,bridge,bridge,,osm_only,https://www.openstreetmap.org/way/702163318
709258431,bridge,bridge,,osm_only,https://www.openstreetmap.org/way/709258431
709258433,bridge,bridge,,osm_only,https://www.openstreetmap.org/way/709258433
718777884,tunnel,tunnel,,osm_only,https://www.openstreetmap.org/way/718777884
718777885,tunnel,tunnel,,osm_only,https://www.openstreetmap.org/way/718777885
718780328,tunnel,tunnel,,osm_only,https://www.openstreetmap.org/way/718780328
735009539,bridge,bridge,14.6,agree,https://www.openstreetmap.org/way/735009539
735009541,tunnel,tunnel,8.5,agree,https://www.openstreetmap.org/way/735009541
735009543,bridge,bridge,13.8,agree,https://www.openstreetmap.org/way/735009543
735009545,bridge,bridge,0.5,agree,https://www.openstreetmap.org/way/735009545
759443941,tunnel,tunnel,85.3,osm_only,https://www.openstreetmap.org/way/759443941
759443942,tunnel,tunnel,18.3,agree,https://www.openstreetmap.org/way/759443942
759443943,tunnel,tunnel,33.0,osm_only,https://www.openstreetmap.org/way/759443943
759443944,tunnel,tunnel,63.7,osm_only,https://www.openstreetmap.org/way/759443944
769697485,bridge,bridge,23.5,agree,https://www.openstreetmap.org/way/769697485
769697487,tunnel,tunnel,,osm_only,https://www.openstreetmap.org/way/769697487
769697493,tunnel,tunnel,,osm_only,https://www.openstreetmap.org/way/769697493
770769434,bridge,bridge,,osm_only,https://www.openstreetmap.org/way/770769434
773774360,tunnel,tunnel,,osm_only,https://www.openstreetmap.org/way/773774360
775153047,bridge,bridge,20.4,agree,https://www.openstreetmap.org/way/775153047
785811555,tunnel,tunnel,51.6,osm_only,https://www.openstreetmap.org/way/785811555
830434903,bridge,bridge,,osm_only,https://www.openstreetmap.org/way/830434903
833324804,bridge,bridge,,osm_only,https://www.openstreetmap.org/way/833324804
846177340,bridge,bridge,3.0,agree,https://www.openstreetmap.org/way/846177340
852018387,bridge,bridge,72.5,osm_only,https://www.openstreetmap.org/way/852018387
852018389,bridge,bridge,1.1,agree,https://www.openstreetmap.org/way/852018389
870241916,tunnel,tunnel,,osm_only,https://www.openstreetmap.org/way/870241916
870241917,tunnel,tunnel,,osm_only,https://www.openstreetmap.org/way/870241917
870241918,tunnel,tunnel,,osm_only,https://www.openstreetmap.org/way/870241918
870707918,bridge,bridge,,osm_only,https://www.openstreetmap.org/way/870707918
886752111,bridge,bridge,9.8,agree,https://www.openstreetmap.org/way/886752111
1013537271,bridge,bridge,,osm_only,https://www.openstreetmap.org/way/1013537271
1018368887,bridge,bridge,5.9,agree,https://www.openstreetmap.org/way/1018368887
1018368890,bridge,bridge,55.1,osm_only,https://www.openstreetmap.org/way/1018368890
1018368891,bridge,bridge,,osm_only,https://www.openstreetmap.org/way/1018368891
1034741401,stacked,tunnel,,osm_only,https://www.openstreetmap.org/way/1034741401
1034741402,stacked,tunnel,,osm_only,https://www.openstreetmap.org/way/1034741402
1034741405,tunnel,tunnel,,osm_only,https://www.openstreetmap.org/way/1034741405
1034741406,tunnel,tunnel,,osm_only,https://www.openstreetmap.org/way/1034741406
1034741414,tunnel,tunnel,,osm_only,https://www.openstreetmap.org/way/1034741414
1042940323,bridge,bridge,73.7,osm_only,https://www.openstreetmap.org/way/1042940323
1050330510,bridge,bridge,,osm_only,https://www.openstreetmap.org/way/1050330510
1050331700,bridge,bridge,87.5,osm_only,https://www.openstreetmap.org/way/1050331700
1054881194,bridge,bridge,,osm_only,https://www.openstreetmap.org/way/1054881194
1054881198,bridge,bridge,4.6,agree,https://www.openstreetmap.org/way/1054881198
1054888434,bridge,bridge,1.4,agree,https://www.openstreetmap.org/way/1054888434
1082469574,bridge,bridge,16.4,agree,https://www.openstreetmap.org/way/1082469574
1091531322,bridge,bridge,,osm_only,https://www.openstreetmap.org/way/1091531322
1094559427,bridge,bridge,,osm_only,https://www.openstreetmap.org/way/1094559427
1094587906,bridge,bridge,,osm_only,https://www.openstreetmap.org/way/1094587906
1163932051,bridge,bridge,12.1,agree,https://www.openstreetmap.org/way/1163932051
1163932470,bridge,bridge,57.4,osm_only,https://www.openstreetmap.org/way/1163932470
1175139077,stacked,tunnel,,osm_only,https://www.openstreetmap.org/way/1175139077
1175139078,stacked,tunnel,,osm_only,https://www.openstreetmap.org/way/1175139078
1177949573,bridge,bridge,0.3,agree,https://www.openstreetmap.org/way/1177949573
1179764648,tunnel,tunnel,,osm_only,https://www.openstreetmap.org/way/1179764648
1188945943,bridge,bridge,,osm_only,https://www.openstreetmap.org/way/1188945943
1192651296,tunnel,tunnel,,osm_only,https://www.openstreetmap.org/way/1192651296
1197972908,stacked,tunnel,70.3,osm_only,https://www.openstreetmap.org/way/1197972908
1210642402,bridge,bridge,15.0,agree,https://www.openstreetmap.org/way/1210642402
1220608051,tunnel,tunnel,,osm_only,https://www.openstreetmap.org/way/1220608051
1226799792,stacked,tunnel,,osm_only,https://www.openstreetmap.org/way/1226799792
1236087755,bridge,bridge,6.8,agree,https://www.openstreetmap.org/way/1236087755
1236087756,bridge,bridge,1.7,agree,https://www.openstreetmap.org/way/1236087756
1236701564,bridge,bridge,,osm_only,https://www.openstreetmap.org/way/1236701564
1250697508,bridge,bridge,,osm_only,https://www.openstreetmap.org/way/1250697508
1267556632,bridge,bridge,,osm_only,https://www.openstreetmap.org/way/1267556632
1294735404,bridge,bridge,,osm_only,https://www.openstreetmap.org/way/1294735404
1294735407,bridge,bridge,,osm_only,https://www.openstreetmap.org/way/1294735407
1305675415,bridge,bridge,,osm_only,https://www.openstreetmap.org/way/1305675415
1354478701,tunnel,tunnel,,osm_only,https://www.openstreetmap.org/way/1354478701
1354478703,tunnel,tunnel,,osm_only,https://www.openstreetmap.org/way/1354478703
1371357799,bridge,bridge,33.2,osm_only,https://www.openstreetmap.org/way/1371357799
1379260975,stacked,tunnel,,osm_only,https://www.openstreetmap.org/way/1379260975
1417719676,tunnel,tunnel,,osm_only,https://www.openstreetmap.org/way/1417719676
1424609351,bridge,bridge,0.7,agree,https://www.openstreetmap.org/way/1424609351
1424688759,tunnel,tunnel,,osm_only,https://www.openstreetmap.org/way/1424688759
1429987527,bridge,bridge,,osm_only,https://www.openstreetmap.org/way/1429987527
1430193659,tunnel,tunnel,,osm_only,https://www.openstreetmap.org/way/1430193659
1444527081,bridge,bridge,,osm_only,https://www.openstreetmap.org/way/1444527081
1444531935,bridge,bridge,6.1,agree,https://www.openstreetmap.org/way/1444531935
1444600341,bridge,bridge,,osm_only,https://www.openstreetmap.org/way/1444600341
1444771551,tunnel,tunnel,,osm_only,https://www.openstreetmap.org/way/1444771551
1444780152,bridge,bridge,,osm_only,https://www.openstreetmap.org/way/1444780152
1444780161,bridge,bridge,,osm_only,https://www.openstreetmap.org/way/1444780161
1444780164,tunnel,tunnel,,osm_only,https://www.openstreetmap.org/way/1444780164
1444780169,tunnel,tunnel,,osm_only,https://www.openstreetmap.org/way/1444780169
1444780171,bridge,bridge,,osm_only,https://www.openstreetmap.org/way/1444780171
1444780200,bridge,bridge,,osm_only,https://www.openstreetmap.org/way/1444780200
1444780202,bridge,bridge,,osm_only,https://www.openstreetmap.org/way/1444780202
1444780206,bridge,bridge,,osm_only,https://www.openstreetmap.org/way/1444780206
1444786885,bridge,bridge,,osm_only,https://www.openstreetmap.org/way/1444786885
1444786887,bridge,bridge,,osm_only,https://www.openstreetmap.org/way/1444786887
1444786889,bridge,bridge,,osm_only,https://www.openstreetmap.org/way/1444786889
1444786891,bridge,bridge,,osm_only,https://www.openstreetmap.org/way/1444786891
1444786895,bridge,bridge,,osm_only,https://www.openstreetmap.org/way/1444786895
1444786897,bridge,bridge,,osm_only,https://www.openstreetmap.org/way/1444786897
1444791607,tunnel,tunnel,,osm_only,https://www.openstreetmap.org/way/1444791607
1444791609,bridge,bridge,,osm_only,https://www.openstreetmap.org/way/1444791609
1444794663,bridge,bridge,,osm_only,https://www.openstreetmap.org/way/1444794663
1445294753,tunnel,tunnel,,osm_only,https://www.openstreetmap.org/way/1445294753
1445294755,tunnel,tunnel,,osm_only,https://www.openstreetmap.org/way/1445294755
1445294763,bridge,bridge,7.1,agree,https://www.openstreetmap.org/way/1445294763
1445331623,bridge,bridge,,osm_only,https://www.openstreetmap.org/way/1445331623
1445332448,tunnel,tunnel,,osm_only,https://www.openstreetmap.org/way/1445332448
1445393122,bridge,bridge,,osm_only,https://www.openstreetmap.org/way/1445393122
1445393124,tunnel,tunnel,100.6,osm_only,https://www.openstreetmap.org/way/1445393124
1445393126,tunnel,tunnel,20.6,agree,https://www.openstreetmap.org/way/1445393126
1445393128,tunnel,tunnel,0.7,agree,https://www.openstreetmap.org/way/1445393128
1453146526,stacked,tunnel,,osm_only,https://www.openstreetmap.org/way/1453146526
1453146528,stacked,tunnel,,osm_only,https://www.openstreetmap.org/way/1453146528
1454958562,bridge,bridge,,osm_only,https://www.openstreetmap.org/way/1454958562
1454958587,bridge,bridge,,osm_only,https://www.openstreetmap.org/way/1454958587
1461323474,stacked,tunnel,,osm_only,https://www.openstreetmap.org/way/1461323474
,,bridge,57.1,bd_topo_only,
,,bridge,130.8,bd_topo_only,
,,bridge,35.6,bd_topo_only,
,,bridge,34.4,bd_topo_only,
,,bridge,48.9,bd_topo_only,
,,bridge,486.8,bd_topo_only,
,,bridge,230.2,bd_topo_only,
,,bridge,175.0,bd_topo_only,
,,bridge,41.1,bd_topo_only,
,,bridge,77.9,bd_topo_only,
,,bridge,49.7,bd_topo_only,
,,bridge,52.9,bd_topo_only,
,,bridge,41.5,bd_topo_only,
,,tunnel,62.6,bd_topo_only,
,,tunnel,44.1,bd_topo_only,
,,tunnel,143.0,bd_topo_only,
,,tunnel,42.1,bd_topo_only,
,,bridge,188.0,bd_topo_only,
,,tunnel,91.2,bd_topo_only,
,,tunnel,51.6,bd_topo_only,
,,tunnel,46.5,bd_topo_only,
,,tunnel,450.5,bd_topo_only,
,,bridge,115.4,bd_topo_only,
,,bridge,111.8,bd_topo_only,
,,bridge,104.3,bd_topo_only,
,,bridge,221.2,bd_topo_only,
,,bridge,238.4,bd_topo_only,
,,bridge,68.5,bd_topo_only,
,,bridge,688.0,bd_topo_only,
,,bridge,277.4,bd_topo_only,
,,bridge,1151.2,bd_topo_only,
,,bridge,88.6,bd_topo_only,
,,bridge,186.0,bd_topo_only,
,,bridge,202.9,bd_topo_only,
,,bridge,204.8,bd_topo_only,
,,bridge,463.8,bd_topo_only,
,,bridge,617.2,bd_topo_only,
,,bridge,365.1,bd_topo_only,
,,bridge,287.7,bd_topo_only,
,,bridge,1267.9,bd_topo_only,
,,bridge,168.0,bd_topo_only,
,,bridge,199.3,bd_topo_only,
,,bridge,220.1,bd_topo_only,
,,bridge,227.2,bd_topo_only,
,,bridge,79.3,bd_topo_only,
,,bridge,686.9,bd_topo_only,
,,tunnel,62.4,bd_topo_only,
,,tunnel,196.2,bd_topo_only,
,,bridge,1312.0,bd_topo_only,
,,bridge,1106.8,bd_topo_only,
,,bridge,802.1,bd_topo_only,
,,tunnel,198.6,bd_topo_only,
,,bridge,165.2,bd_topo_only,
,,bridge,106.7,bd_topo_only,
,,tunnel,76.7,bd_topo_only,
,,bridge,518.7,bd_topo_only,
,,bridge,35.0,bd_topo_only,
,,bridge,33.2,bd_topo_only,
,,bridge,80.5,bd_topo_only,
,,bridge,174.6,bd_topo_only,
,,bridge,180.9,bd_topo_only,
,,bridge,341.8,bd_topo_only,
,,bridge,289.1,bd_topo_only,
