osm_way_id,longitude,latitude,rge_alti_m,copernicus_glo30_m,difference_m
123189416,6.043689,45.019521,1534.85,1544.14,9.29
123189416,6.046918,45.0178,1443.72,1449.89,6.17
123189416,6.050255,45.019393,1371.35,1380.06,8.71
123189416,6.043999,45.025608,1275.96,1270.83,-5.13
123189416,6.046211,45.026014,1171.11,1196.85,25.74
123189416,6.048483,45.025667,1082.19,1121.64,39.45
123189416,6.042456,45.031822,984.16,1065.51,81.35
222916418,6.040857,45.119649,995.19,997.54,2.35
222916418,6.038169,45.116716,1068.06,1062.2,-5.86
222916418,6.035402,45.115402,1142.22,1139.58,-2.64
222916418,6.037924,45.114723,1205.14,1199.59,-5.55
222916418,6.04301,45.112543,1267.53,1264.51,-3.02
222916418,6.03691,45.112128,1336.03,1347.99,11.96
222916418,6.039195,45.105152,1388.09,1400.05,11.96
846177345,6.187199,45.037975,1099.93,1100.57,0.64
846177345,6.178127,45.037829,1099.74,1094.81,-4.93
846177345,6.168593,45.039022,1040.93,1051.97,11.04
846177345,6.160124,45.039939,1038.63,1051.76,13.13
846177345,6.151465,45.039372,1051.56,1067.17,15.61
846177345,6.144973,45.04148,1057.65,1049.02,-8.63
232744090,6.163552,45.096178,1556.02,1563.81,7.79
232744090,6.164761,45.099337,1609.18,1611.37,2.19
232744090,6.161908,45.099705,1663.48,1670.58,7.1
232744090,6.159873,45.099973,1719.69,1724.72,5.03
232744090,6.154112,45.094443,1793.87,1801.68,7.81
232744090,6.154398,45.09732,1869.04,1883.1,14.06
232744090,6.149958,45.091834,1935.77,1951.28,15.51
232934767,6.03692,45.058163,722.8,721.91,-0.89
232934767,6.042723,45.053877,723.76,721.41,-2.35
232934767,6.048546,45.049619,724.92,723.26,-1.66
232934767,6.054863,45.045749,726.61,727.35,0.74
232934767,6.053846,45.039926,727.97,725.99,-1.98
232934767,6.052213,45.034098,730.9,729.13,-1.77
232934767,6.05056,45.028365,732.9,736.66,3.76
181435153,6.017869,45.084176,718.21,716.32,-1.89
181435153,6.018115,45.089619,717.09,716.19,-0.9
181435153,6.018785,45.095034,716.27,714.36,-1.91
181435153,6.020357,45.100366,715.73,711.93,-3.8
181435153,6.021021,45.105768,714.85,712.74,-2.11
181435153,6.019094,45.111001,713.82,714.54,0.72
181435153,6.014112,45.114972,713.59,713.45,-0.14
222916417,6.05361,45.139434,901.89,901.06,-0.83
222916417,6.056296,45.141553,943.71,936.64,-7.07
222916417,6.05738,45.141499,992.27,995.52,3.25
222916417,6.059071,45.136534,1034.87,1032.1,-2.77
222916417,6.060369,45.13674,1075.92,1078.83,2.91
222916417,6.063676,45.135377,1111.49,1114.66,3.17
222916417,6.064311,45.13629,1152.58,1151.9,-0.68
85646316,6.072421,45.157046,1205.06,1216.27,11.21
85646316,6.06661,45.155246,1255.52,1262.95,7.43
85646316,6.070397,45.157941,1307.67,1311.4,3.73
85646316,6.06664,45.157749,1359.69,1364.58,4.89
85646316,6.068894,45.159643,1407.02,1416.34,9.32
85646316,6.066148,45.159167,1451.23,1473.67,22.44
85646316,6.063086,45.159674,1499.46,1507.12,7.66
49894102,6.06666,45.020206,745.53,748.23,2.7
49894102,6.064994,45.015908,748.33,763.65,15.32
49894102,6.066507,45.011548,764.13,764.56,0.43
49894102,6.068572,45.007163,767.74,775.89,8.15
49894102,6.07158,45.003211,810.15,815.94,5.79
187059537,6.079547,45.055559,1583.54,1594.32,10.78
187059537,6.085253,45.054706,1566.17,1565.99,-0.18
187059537,6.090804,45.053151,1542.51,1559.48,16.97
187059537,6.096167,45.054075,1504.8,1509.86,5.06
187059537,6.095309,45.053121,1471.47,1480.3,8.83
187059537,6.090181,45.051926,1436.89,1438.9,2.01
165377595,6.092057,45.032124,960.12,959.85,-0.27
165377595,6.090589,45.028199,1023.25,1031.63,8.38
165377595,6.085781,45.02742,1047.79,1059.78,11.99
165377595,6.0887,45.027143,1097.12,1103.17,6.05
165377595,6.084221,45.025546,1152.42,1159.13,6.71
165377595,6.089772,45.02522,1183.81,1177.06,-6.75
123189418,6.019478,45.036946,1679.13,1677.55,-1.58
123189418,6.023382,45.035043,1638.57,1647.06,8.49
123189418,6.026333,45.032579,1632.77,1640.08,7.31
123189418,6.029903,45.030729,1632.74,1637.94,5.2
123189418,6.032524,45.028346,1640.77,1628.25,-12.52
123189418,6.034597,45.025961,1646.56,1655.15,8.59
123189418,6.037482,45.022809,1648.17,1648.63,0.46
187065132,6.192301,45.08269,1709.56,1711.04,1.48
187065132,6.18772,45.082723,1685.87,1682.49,-3.38
187065132,6.183071,45.08239,1671.93,1676.66,4.73
187065132,6.179554,45.08201,1656.24,1671.96,15.72
187065132,6.177153,45.078996,1646.99,1654.71,7.72
187065132,6.175647,45.075367,1607.91,1617.15,9.24
264100557,6.073263,45.08762,1774.9,1784.95,10.05
264100557,6.069852,45.085786,1752.06,1759.72,7.66
264100557,6.065859,45.085555,1715.47,1718.63,3.16
264100557,6.06205,45.087513,1688.48,1688.87,0.39
264100557,6.064607,45.084909,1657.26,1660.38,3.12
264100557,6.062883,45.084867,1630.19,1637.68,7.49
264100557,6.058823,45.086656,1599.36,1602.25,2.89
1082369794,6.053381,45.077072,1388.99,1388.71,-0.28
1082369794,6.049106,45.078373,1363.03,1380.78,17.75
1082369794,6.050353,45.077585,1330.68,1340.81,10.13
1082369794,6.052439,45.074774,1293.08,1295.86,2.78
1082369794,6.049131,45.076725,1257.05,1273.58,16.53
1082369794,6.049472,45.076126,1225.02,1242.07,17.05
1082369794,6.052169,45.073302,1204.3,1205.49,1.19
271951347,6.132085,45.038789,1240.79,1252.28,11.49
271951347,6.132428,45.04228,1213.9,1208.11,-5.79
271951347,6.133285,45.040309,1189.88,1201.63,11.75
271951347,6.135029,45.037548,1164.59,1162.44,-2.15
271951347,6.134923,45.038185,1134.92,1147.66,12.74
271951347,6.135846,45.038659,1109.45,1107.69,-1.76
271951347,6.136123,45.041161,1076.93,1079.24,2.31
232729093,6.056251,45.064171,1360.19,1357.28,-2.91
232729093,6.053306,45.062558,1336.95,1340.57,3.62
232729093,6.052542,45.062782,1306.11,1321.58,15.47
232729093,6.053082,45.061344,1279.17,1297.23,18.06
232729093,6.05198,45.062113,1251.82,1272.5,20.68
232729093,6.053442,45.059252,1223.88,1245.59,21.71
232729093,6.053089,45.056385,1194.55,1197.42,2.87
222916418,6.047481,45.127451,850.62,841.45,-9.17
222916418,6.044464,45.12556,876.4,866.49,-9.91
222916418,6.04086,45.123825,902.36,908.23,5.87
222916418,6.039101,45.121778,915.15,913.62,-1.53
222916418,6.042519,45.123635,944.35,947.33,2.98
222916418,6.041952,45.122643,964.46,964.01,-0.45
222916418,6.040813,45.119708,994.59,995.19,0.6
265659186,6.116842,45.033685,1327.37,1330.96,3.59
265659186,6.112364,45.033628,1351.15,1351.23,0.08
265659186,6.115936,45.032785,1383.86,1377.75,-6.11
265659186,6.119891,45.031764,1409.16,1413.81,4.65
265659186,6.122307,45.029397,1434.07,1447.88,13.81
265659186,6.120945,45.030459,1458.49,1466.81,8.32
265659186,6.121697,45.028386,1476.79,1479.99,3.2
232939754,6.028095,45.065087,717.73,721.54,3.81
232939754,6.02676,45.067222,720.55,721.19,0.64
232939754,6.025652,45.069988,720.03,719.44,-0.59
232939754,6.024878,45.072817,719.73,718.51,-1.22
232939754,6.02398,45.075625,719.03,716.89,-2.14
232939754,6.022623,45.07834,718.78,718.0,-0.78
232939754,6.020873,45.08094,718.76,719.02,0.26
222916417,6.064318,45.136295,1152.95,1151.9,-1.05
222916417,6.061556,45.138028,1175.13,1171.84,-3.29
222916417,6.061669,45.140168,1208.96,1226.62,17.66
222916417,6.063027,45.13824,1225.04,1224.97,-0.07
222916417,6.066595,45.137088,1256.15,1269.29,13.14
222916417,6.070416,45.136505,1292.88,1306.77,13.89
222916417,6.073962,45.135847,1299.77,1309.24,9.47
804387783,6.059722,45.015757,745.21,750.83,5.62
804387783,6.059556,45.018129,743.61,746.61,3.0
804387783,6.057596,45.020117,740.84,744.97,4.13
804387783,6.05605,45.022325,737.84,739.93,2.09
804387783,6.053607,45.024139,735.59,745.83,10.24
804387783,6.051959,45.026159,732.9,747.25,14.35
804387783,6.050406,45.028295,733.28,736.79,3.51
132974155,6.161234,45.083879,1429.61,1434.38,4.77
132974155,6.161402,45.08621,1447.9,1456.15,8.25
132974155,6.162011,45.088382,1472.1,1489.35,17.25
132974155,6.16363,45.090308,1489.67,1494.09,4.42
132974155,6.163993,45.092258,1514.59,1518.86,4.27
132974155,6.163484,45.093697,1530.99,1541.23,10.24
132974155,6.163398,45.095962,1553.8,1559.41,5.61
133213827,6.18571,45.071105,1680.08,1692.83,12.75
133213827,6.183492,45.070503,1666.48,1672.43,5.95
133213827,6.18032,45.070428,1645.54,1647.6,2.06
133213827,6.179287,45.072495,1626.06,1622.05,-4.01
133213827,6.180524,45.074665,1607.23,1596.47,-10.76
133213827,6.181116,45.07691,1589.16,1585.94,-3.22
133213827,6.181436,45.078846,1566.72,1570.88,4.16
117643613,6.041599,45.080257,1540.67,1538.56,-2.11
117643613,6.044414,45.080901,1536.73,1553.78,17.05
117643613,6.046484,45.080667,1528.79,1540.14,11.35
117643613,6.049505,45.080626,1520.21,1535.04,14.83
117643613,6.05251,45.080079,1497.53,1527.47,29.94
117643613,6.053141,45.081948,1495.92,1517.84,21.92
29720333,6.100754,45.084735,1848.99,1859.27,10.28
29720333,6.103927,45.084798,1839.05,1851.47,12.42
29720333,6.106124,45.084426,1829.42,1831.4,1.98
29720333,6.108008,45.082728,1809.28,1807.53,-1.75
29720333,6.109259,45.080741,1787.71,1794.12,6.41
29720333,6.111996,45.080316,1784.77,1807.45,22.68
457903746,6.039212,45.105057,1389.57,1400.05,10.48
457903746,6.038172,45.103353,1399.4,1392.13,-7.27
457903746,6.03642,45.101571,1414.14,1425.84,11.7
457903746,6.034537,45.099825,1427.34,1432.14,4.8
457903746,6.033299,45.097868,1441.78,1450.12,8.34
457903746,6.031508,45.096077,1456.45,1464.79,8.34
457903746,6.030793,45.093942,1470.42,1464.53,-5.89
210456518,6.044456,45.14568,841.84,838.84,-3.0
210456518,6.044576,45.147864,841.54,862.88,21.34
210456518,6.044515,45.150047,848.93,861.52,12.59
210456518,6.044517,45.152197,847.98,868.27,20.29
210456518,6.044472,45.154373,852.39,861.2,8.81
210456518,6.04365,45.156484,858.76,859.64,0.88
210456518,6.042982,45.158454,859.33,862.72,3.39
222916419,6.033504,45.090274,1455.51,1454.6,-0.91
222916419,6.035345,45.088605,1474.27,1474.47,0.2
222916419,6.036094,45.086555,1494.22,1486.86,-7.36
222916419,6.036635,45.084695,1513.3,1505.07,-8.23
222916419,6.039238,45.08387,1524.91,1536.12,11.21
222916419,6.040682,45.082303,1531.68,1536.59,4.91
222916419,6.041599,45.080257,1540.67,1538.56,-2.11
49158672,6.115273,45.046614,1215.96,1230.77,14.81
49158672,6.116578,45.04857,1190.7,1206.56,15.86
49158672,6.116509,45.047519,1171.72,1186.43,14.71
49158672,6.116063,45.045358,1143.51,1168.2,24.69
49158672,6.116167,45.043907,1116.52,1129.07,12.55
49158672,6.117698,45.045469,1094.29,1107.05,12.76
132676262,6.028168,45.049549,725.76,728.49,2.73
132676262,6.028985,45.047997,725.16,717.88,-7.28
132676262,6.030355,45.046283,727.78,730.48,2.7
132676262,6.032607,45.044925,728.54,731.59,3.05
132676262,6.033734,45.043055,733.65,746.08,12.43
132676262,6.034296,45.040941,725.52,726.33,0.81
132676262,6.036379,45.039785,723.38,718.9,-4.48
1082695938,6.115739,45.079579,1771.45,1779.75,8.3
1082695938,6.11847,45.078897,1762.05,1783.51,21.46
1082695938,6.121247,45.079266,1764.02,1783.79,19.77
1082695938,6.124018,45.079821,1776.63,1788.24,11.61
1082695938,6.126231,45.081152,1791.72,1810.34,18.62
1082695938,6.128917,45.081816,1807.65,1815.17,7.52
1082695938,6.131575,45.081585,1822.75,1829.22,6.47
252083563,6.020716,45.131721,1193.0,1210.49,17.49
252083563,6.02176,45.132768,1209.42,1213.73,4.31
252083563,6.024074,45.134022,1222.8,1248.56,25.76
252083563,6.025393,45.135656,1253.26,1262.59,9.33
252083563,6.026711,45.137452,1271.85,1279.17,7.32
252083563,6.02732,45.138696,1264.08,1293.22,29.14
1093032931,6.043816,45.067178,977.84,976.28,-1.56
1093032931,6.042799,45.068903,960.05,990.13,30.08
1093032931,6.042939,45.066994,935.44,936.51,1.07
1093032931,6.04273,45.066658,912.44,915.04,2.6
1093032931,6.041797,45.067795,894.38,883.97,-10.41
1093032931,6.041917,45.066716,875.15,877.5,2.35
1093032931,6.040959,45.068756,848.03,848.54,0.51
232739271,6.136779,45.080728,1887.22,1887.03,-0.19
232739271,6.139426,45.081163,1909.23,1898.95,-10.28
232739271,6.141943,45.081897,1932.17,1922.95,-9.22
232739271,6.144018,45.083147,1954.6,1951.37,-3.23
232739271,6.146086,45.084409,1970.98,1970.29,-0.69
232739271,6.147872,45.08586,1985.01,1986.34,1.33
232739271,6.149057,45.08753,1999.06,1992.53,-6.53
61497930,6.132824,45.046934,1027.78,1029.76,1.98
61497930,6.131393,45.045794,1017.16,1022.54,5.38
61497930,6.129722,45.044366,1009.26,1010.5,1.24
61497930,6.128315,45.042763,991.4,992.38,0.98
61497930,6.126766,45.041232,976.73,978.16,1.43
61497930,6.124558,45.040564,971.76,968.54,-3.22
61497930,6.126348,45.041371,960.54,962.71,2.17
97976238,6.062243,45.149654,1014.17,1016.41,2.24
97976238,6.065024,45.150128,1023.72,1032.92,9.2
97976238,6.066706,45.151489,1034.04,1047.64,13.6
97976238,6.068758,45.152703,1038.51,1057.43,18.92
97976238,6.070511,45.15267,1049.36,1050.3,0.94
97976238,6.072166,45.152956,1054.08,1048.93,-5.15
97976238,6.072479,45.152098,1056.24,1055.45,-0.79
132974150,6.151121,45.064756,1290.19,1304.04,13.85
132974150,6.14958,45.063215,1276.89,1287.76,10.87
132974150,6.148576,45.061582,1260.78,1272.24,11.46
132974150,6.147329,45.059917,1235.81,1245.55,9.74
132974150,6.147291,45.059282,1220.9,1223.99,3.09
132974150,6.149575,45.059942,1192.7,1200.02,7.32
210456509,6.043029,45.158482,859.76,862.72,2.96
210456509,6.042334,45.160148,879.45,890.89,11.44
210456509,6.042151,45.161912,889.88,902.33,12.45
210456509,6.042145,45.163704,903.25,910.26,7.01
210456509,6.042005,45.165497,913.83,916.05,2.22
210456509,6.041605,45.16716,938.44,958.43,19.99
210456509,6.040425,45.168684,942.73,932.97,-9.76
224234409,6.161358,45.082231,1391.91,1404.66,12.75
224234409,6.160031,45.080809,1385.83,1390.7,4.87
224234409,6.158816,45.079349,1382.08,1399.93,17.85
224234409,6.158001,45.077771,1382.57,1394.1,11.53
224234409,6.158352,45.076132,1377.76,1375.55,-2.21
224234409,6.157991,45.07452,1374.2,1385.2,11.0
224234409,6.156766,45.073064,1369.67,1382.04,12.37
119453143,6.049603,45.128275,841.41,840.28,-1.13
119453143,6.048979,45.129773,834.17,836.97,2.8
119453143,6.05003,45.131409,857.51,858.23,0.72
119453143,6.051119,45.132824,869.82,873.13,3.31
119453143,6.051494,45.134225,871.07,867.93,-3.14
119453143,6.051972,45.135903,878.1,883.12,5.02
119453143,6.051321,45.137562,876.64,874.08,-2.56
264100551,6.047834,45.073488,1096.23,1100.54,4.31
264100551,6.046821,45.071925,1073.94,1079.63,5.69
264100551,6.044631,45.071202,1058.98,1073.51,14.53
264100551,6.045784,45.071065,1044.91,1048.49,3.58
264100551,6.047815,45.071828,1031.46,1039.75,8.29
264100551,6.047257,45.071006,1016.07,1023.57,7.5
264100551,6.045723,45.069686,995.29,1002.95,7.66
271950742,6.163531,45.068707,1393.36,1406.01,12.65
271950742,6.161575,45.069036,1381.0,1387.21,6.21
271950742,6.159587,45.068423,1371.4,1366.1,-5.3
271950742,6.157394,45.067941,1334.75,1338.65,3.9
271950742,6.156438,45.066635,1328.65,1328.64,-0.01
271950742,6.15691,45.068162,1296.31,1285.98,-10.33
271950742,6.158537,45.069188,1284.47,1317.14,32.67
236754704,6.054621,45.149578,968.35,969.34,0.99
236754704,6.053062,45.149776,945.24,955.76,10.52
236754704,6.05468,45.148666,931.91,939.4,7.49
236754704,6.055238,45.147587,910.77,914.08,3.31
236754704,6.056003,45.146743,894.1,901.08,6.98
236754704,6.054078,45.14757,880.68,887.92,7.24
236754704,6.052316,45.147724,857.72,856.38,-1.34
186897379,6.08331,45.039244,1236.67,1256.74,20.07
186897379,6.0821,45.037885,1252.23,1263.62,11.39
186897379,6.080089,45.037831,1265.78,1281.67,15.89
186897379,6.078249,45.038673,1284.2,1292.19,7.99
186897379,6.076607,45.039397,1301.97,1305.7,3.73
186897379,6.07492,45.038435,1313.42,1321.08,7.66
186897379,6.073139,45.037551,1323.85,1336.19,12.34
133321156,6.167608,45.072324,1535.86,1539.39,3.53
133321156,6.166328,45.073134,1546.79,1557.83,11.04
133321156,6.164323,45.073345,1563.7,1579.19,15.49
133321156,6.166486,45.073603,1566.27,1567.88,1.61
133321156,6.168076,45.073468,1576.19,1580.12,3.93
133321156,6.169662,45.072693,1585.36,1589.01,3.65
133321156,6.17189,45.073027,1580.18,1583.99,3.81
1246895765,6.102658,45.033709,1264.85,1256.06,-8.79
1246895765,6.104479,45.034543,1284.51,1279.99,-4.52
1246895765,6.106006,45.035393,1285.07,1260.94,-24.13
1246895765,6.107744,45.03595,1285.37,1261.48,-23.89
1246895765,6.109864,45.035492,1300.37,1306.75,6.38
1246895765,6.111898,45.034978,1301.56,1313.63,12.07
1246895765,6.114052,45.034577,1307.14,1312.18,5.04
222919305,6.073015,45.037512,1324.6,1341.79,17.19
222919305,6.071369,45.038265,1335.06,1335.12,0.06
222919305,6.070218,45.039375,1336.27,1319.95,-16.32
222919305,6.069752,45.040812,1333.49,1332.59,-0.9
222919305,6.068737,45.041899,1323.37,1319.63,-3.74
222919305,6.067812,45.042962,1316.14,1327.57,11.43
222919305,6.06636,45.044074,1307.15,1322.99,15.84
123189411,6.03759,45.022663,1648.02,1648.35,0.33
123189411,6.037095,45.021689,1650.46,1655.61,5.15
123189411,6.035833,45.020758,1635.24,1634.99,-0.25
123189411,6.036009,45.019308,1621.55,1624.69,3.14
123189411,6.036521,45.019187,1607.75,1611.52,3.77
123189411,6.037431,45.019793,1594.48,1601.97,7.49
123189411,6.037579,45.018366,1575.74,1580.93,5.19
206313880,6.187461,45.039278,1095.03,1107.78,12.75
206313880,6.185438,45.038952,1090.0,1103.2,13.2
206313880,6.183393,45.03907,1086.73,1094.87,8.14
206313880,6.181346,45.039186,1081.69,1101.46,19.77
206313880,6.17928,45.039287,1076.31,1083.3,6.99
206313880,6.177246,45.03924,1063.22,1071.69,8.47
271952849,6.080871,45.027234,844.55,860.72,16.17
271952849,6.082142,45.028327,833.56,850.49,16.93
271952849,6.083685,45.029256,856.57,834.88,-21.69
271952849,6.084923,45.030379,871.7,856.24,-15.46
271952849,6.086126,45.03152,876.34,879.16,2.82
271952849,6.087522,45.032409,891.37,895.29,3.92
271952849,6.089531,45.03245,907.93,907.2,-0.73
222916416,6.032904,45.121284,761.25,758.63,-2.62
222916416,6.031272,45.120526,759.4,760.8,1.4
222916416,6.029493,45.119943,758.35,764.2,5.85
222916416,6.027716,45.119347,751.9,752.24,0.34
222916416,6.026399,45.118393,740.61,738.75,-1.86
222916416,6.02545,45.117178,729.89,728.49,-1.4
222916416,6.025086,45.115815,719.28,722.34,3.06
1083211638,6.087275,45.089126,1871.19,1873.14,1.95
1083211638,6.088887,45.088431,1870.46,1873.26,2.8
1083211638,6.090401,45.087612,1861.92,1865.25,3.33
1083211638,6.092214,45.08731,1854.1,1857.53,3.43
1083211638,6.090969,45.086707,1845.96,1850.0,4.04
1083211638,6.090005,45.085998,1838.32,1841.78,3.46
1083211638,6.091875,45.085963,1834.71,1838.41,3.7
238290946,6.132829,45.036307,1258.57,1260.84,2.27
238290946,6.134782,45.035946,1262.51,1253.45,-9.06
238290946,6.136506,45.035432,1257.61,1260.71,3.1
238290946,6.137941,45.034915,1249.79,1263.17,13.38
238290946,6.139039,45.033893,1249.9,1262.13,12.23
238290946,6.139355,45.032686,1259.68,1268.97,9.29
238290946,6.140688,45.031691,1258.58,1262.33,3.75
264100551,6.048898,45.075252,1169.5,1175.71,6.21
264100551,6.047701,45.074758,1152.25,1163.89,11.64
264100551,6.049451,45.074696,1149.32,1157.84,8.52
264100551,6.05033,45.073416,1132.23,1148.75,16.52
264100551,6.051184,45.072439,1116.32,1124.22,7.9
264100551,6.049686,45.073268,1105.31,1107.93,2.62
264100551,6.047885,45.073521,1096.73,1100.54,3.81
1082749713,6.072421,45.157046,1205.06,1216.27,11.21
1082749713,6.071436,45.155853,1194.28,1209.69,15.41
1082749713,6.069872,45.155012,1178.66,1211.35,32.69
1082749713,6.068234,45.154241,1162.7,1194.85,32.15
1082749713,6.06718,45.153332,1148.59,1160.43,11.84
1082749713,6.065691,45.152418,1133.05,1141.92,8.87
181437616,6.016541,45.073975,730.4,730.24,-0.16
181437616,6.017798,45.074906,727.09,728.98,1.89
181437616,6.018252,45.07621,725.53,728.76,3.23
181437616,6.018261,45.07756,724.15,724.57,0.42
181437616,6.01869,45.078787,721.26,728.57,7.31
181437616,6.01979,45.07989,719.2,729.21,10.01
181437616,6.020434,45.080992,719.94,720.7,0.76
803848766,6.048016,45.031323,723.82,725.07,1.25
803848766,6.046671,45.032123,726.25,715.81,-10.44
803848766,6.045514,45.032852,724.32,743.48,19.16
803848766,6.045258,45.034163,726.26,723.27,-2.99
803848766,6.044157,45.035243,721.95,720.65,-1.3
803848766,6.042544,45.03581,720.16,758.6,38.44
803848766,6.041662,45.036982,719.78,718.77,-1.01
234164228,6.030888,45.075812,721.27,722.93,1.66
234164228,6.032322,45.075111,718.84,721.64,2.8
234164228,6.033574,45.074153,723.29,725.89,2.6
234164228,6.034752,45.073149,718.4,721.52,3.12
234164228,6.035582,45.072065,718.79,722.02,3.23
234164228,6.03605,45.070837,716.85,717.2,0.35
234164228,6.03671,45.069628,716.84,719.7,2.86
186902781,6.103955,45.044611,1069.9,1076.68,6.78
186902781,6.103249,45.0459,1090.82,1095.44,4.62
186902781,6.102731,45.046946,1107.47,1111.29,3.82
186902781,6.102979,45.047211,1119.56,1119.2,-0.36
186902781,6.104235,45.04641,1129.31,1143.57,14.26
186902781,6.104121,45.047046,1144.94,1151.01,6.07
186902781,6.10358,45.048276,1160.47,1160.98,0.51
760412725,6.096034,45.047968,1186.01,1196.58,10.57
760412725,6.097922,45.048,1171.15,1176.31,5.16
760412725,6.09923,45.048744,1168.25,1180.04,11.79
760412725,6.100648,45.048241,1150.3,1150.32,0.02
760412725,6.10195,45.048877,1149.05,1151.3,2.25
760412725,6.102704,45.049483,1159.26,1171.24,11.98
760412725,6.1036,45.048319,1161.96,1160.98,-0.98
1408117702,6.040878,45.069132,843.57,855.18,11.61
1408117702,6.03968,45.070102,827.33,836.23,8.9
1408117702,6.039171,45.071309,811.03,827.3,16.27
1408117702,6.038975,45.07153,802.4,809.69,7.29
1408117702,6.038698,45.070244,786.51,796.2,9.69
1408117702,6.03923,45.069,770.09,779.9,9.81
72593628,6.086158,45.115042,2077.4,2080.41,3.01
72593628,6.085684,45.113883,2070.12,2073.95,3.83
72593628,6.084864,45.112831,2065.98,2072.52,6.54
72593628,6.083949,45.111812,2054.69,2059.02,4.33
72593628,6.083447,45.110656,2040.18,2046.71,6.53
72593628,6.08272,45.10959,2031.59,2040.47,8.88
72593628,6.082107,45.108621,2027.64,2028.46,0.82
157559982,6.049044,45.136904,778.64,777.37,-1.27
157559982,6.049995,45.136014,790.39,780.89,-9.5
157559982,6.050124,45.136128,800.97,796.26,-4.71
157559982,6.049451,45.137268,806.89,818.93,12.04
157559982,6.049251,45.138412,817.69,826.96,9.27
157559982,6.050783,45.138936,833.69,814.46,-19.23
157559982,6.051932,45.139774,844.81,848.52,3.71
181438145,6.021373,45.081302,719.96,715.5,-4.46
181438145,6.022076,45.080258,718.86,715.5,-3.36
181438145,6.023305,45.079418,716.34,716.72,0.38
181438145,6.024444,45.078452,716.69,717.07,0.38
181438145,6.025725,45.07758,716.84,718.86,2.02
181438145,6.027049,45.077022,716.82,719.53,2.71
181438145,6.028166,45.076042,716.85,719.16,2.31
333253139,6.07824,45.155608,1174.51,1179.19,4.68
333253139,6.078557,45.155037,1157.44,1168.74,11.3
333253139,6.080304,45.155417,1153.36,1157.39,4.03
333253139,6.081948,45.155661,1147.91,1153.01,5.1
333253139,6.082273,45.155202,1133.41,1132.77,-0.64
333253139,6.080917,45.154478,1122.8,1128.66,5.86
333253139,6.079271,45.154067,1113.99,1110.08,-3.91
165523290,6.094454,45.024644,1254.63,1262.85,8.22
165523290,6.095495,45.025536,1269.74,1277.96,8.22
165523290,6.095774,45.026777,1280.69,1288.45,7.76
165523290,6.096023,45.026373,1288.0,1304.11,16.11
165523290,6.096188,45.025119,1300.15,1313.5,13.35
165523290,6.095785,45.023943,1304.0,1302.61,-1.39
165523290,6.095958,45.022791,1317.31,1319.02,1.71
49158672,6.108786,45.043916,1218.56,1227.61,9.05
49158672,6.110134,45.044063,1229.8,1236.06,6.26
49158672,6.111414,45.04493,1238.16,1241.34,3.18
49158672,6.112366,45.044467,1240.13,1241.28,1.15
49158672,6.113802,45.044462,1236.66,1242.01,5.35
49158672,6.114614,45.045457,1228.61,1237.08,8.47
49158672,6.115273,45.046614,1215.96,1230.77,14.81
1304085304,6.023807,45.114738,712.91,712.28,-0.63
1304085304,6.022228,45.114652,713.03,711.64,-1.39
1304085304,6.020641,45.114668,712.91,714.61,1.7
1304085304,6.019175,45.1151,712.69,712.4,-0.29
1304085304,6.017717,45.115547,712.71,713.48,0.77
1304085304,6.016321,45.116068,712.7,713.56,0.86
1304085304,6.015291,45.116925,712.6,711.94,-0.66
39182590,6.040857,45.119649,995.19,997.54,2.35
39182590,6.041498,45.120502,1000.59,999.53,-1.06
39182590,6.042154,45.121555,1010.4,1006.62,-3.78
39182590,6.043516,45.122279,1023.61,1008.84,-14.77
39182590,6.043462,45.122053,1029.76,1021.47,-8.29
39182590,6.042749,45.120981,1037.7,1028.59,-9.11
39182590,6.043058,45.119787,1047.55,1051.09,3.54
187050883,6.144066,45.052267,1212.65,1215.97,3.32
187050883,6.144284,45.051065,1216.17,1234.98,18.81
187050883,6.144615,45.051556,1226.49,1233.15,6.66
187050883,6.145064,45.052637,1235.7,1241.25,5.55
187050883,6.144954,45.051489,1241.75,1246.32,4.57
187050883,6.144894,45.050235,1243.62,1250.14,6.52
187050883,6.145854,45.04971,1273.14,1286.06,12.92
187043356,6.11758,45.051637,1288.57,1296.61,8.04
187043356,6.117995,45.051527,1277.82,1292.38,14.56
187043356,6.116963,45.050923,1269.87,1290.6,20.73
187043356,6.115893,45.050084,1255.48,1273.61,18.13
187043356,6.115438,45.048916,1242.33,1258.43,16.1
187043356,6.11532,45.047709,1227.72,1235.11,7.39
187043356,6.115247,45.046621,1217.48,1230.77,13.29
232403001,6.036454,45.125265,725.15,727.73,2.58
232403001,6.03527,45.124521,724.05,724.13,0.08
232403001,6.03401,45.123877,723.34,724.69,1.35
232403001,6.032424,45.123846,722.3,724.7,2.4
232403001,6.030835,45.123841,721.19,725.57,4.38
232403001,6.029246,45.123824,720.2,722.96,2.76
232403001,6.027657,45.123845,719.0,719.62,0.62
232977817,6.021871,45.107194,712.69,713.46,0.77
232977817,6.022326,45.108313,712.0,718.69,6.69
232977817,6.022858,45.109417,711.53,711.92,0.39
232977817,6.023347,45.110535,711.71,712.62,0.91
232977817,6.023415,45.111477,711.84,715.6,3.76
232977817,6.023184,45.112607,711.89,713.17,1.28
232977817,6.023366,45.113685,712.07,712.69,0.62
265659186,6.116878,45.030848,1523.11,1508.95,-14.16
265659186,6.118084,45.030209,1533.17,1541.0,7.83
265659186,6.119262,45.029457,1543.35,1539.73,-3.62
265659186,6.11986,45.028446,1551.97,1563.14,11.17
265659186,6.120208,45.027355,1561.68,1573.87,12.19
265659186,6.120234,45.026234,1568.95,1581.59,12.64
265659186,6.120538,45.025134,1582.64,1588.48,5.84
238290939,6.132693,45.03623,1260.88,1259.53,-1.35
238290939,6.131423,45.035675,1272.72,1275.23,2.51
238290939,6.130171,45.034996,1281.92,1283.1,1.18
238290939,6.129037,45.034243,1290.08,1284.93,-5.15
238290939,6.128115,45.033335,1296.91,1294.23,-2.68
238290939,6.126871,45.032641,1291.45,1284.08,-7.37
238290939,6.125498,45.032077,1279.58,1281.12,1.54
905944752,6.066727,45.10331,1909.63,1910.41,0.78
905944752,6.067343,45.102285,1898.66,1901.04,2.38
905944752,6.06782,45.101216,1889.09,1890.89,1.8
905944752,6.0682,45.100123,1880.82,1882.18,1.36
905944752,6.068575,45.099029,1872.1,1874.68,2.58
905944752,6.069288,45.098028,1863.64,1863.89,0.25
905944752,6.069769,45.097089,1856.26,1860.48,4.22
356939688,6.073595,45.132867,1337.59,1333.18,-4.41
356939688,6.073764,45.132385,1347.34,1344.07,-3.27
356939688,6.074393,45.132686,1356.77,1348.51,-8.26
356939688,6.073571,45.131856,1358.27,1353.6,-4.67
356939688,6.074905,45.132505,1372.65,1360.36,-12.29
356939688,6.075675,45.133519,1379.91,1376.47,-3.44
356939688,6.075486,45.132423,1388.62,1382.06,-6.56
152271729,6.040822,45.056212,721.9,722.52,0.62
152271729,6.041811,45.05539,722.1,721.35,-0.75
152271729,6.042824,45.054583,722.4,722.64,0.24
152271729,6.043841,45.053778,722.58,722.29,-0.29
152271729,6.044859,45.052974,722.53,722.27,-0.26
152271729,6.045877,45.05217,722.9,721.01,-1.89
152271729,6.046902,45.05137,722.92,720.17,-2.75
560199122,6.0841,45.051559,1410.91,1416.55,5.64
560199122,6.082784,45.051719,1404.8,1417.78,12.98
560199122,6.082297,45.051138,1401.45,1409.0,7.55
560199122,6.082303,45.05016,1389.23,1395.07,5.84
560199122,6.082986,45.049145,1381.69,1393.29,11.6
560199122,6.083352,45.048053,1375.17,1374.94,-0.23
560199122,6.084467,45.047291,1356.46,1358.19,1.73
1302681212,6.050923,45.029047,727.84,731.28,3.44
1302681212,6.051138,45.030071,727.07,733.38,6.31
1302681212,6.05134,45.031095,726.47,732.28,5.81
1302681212,6.051546,45.03212,726.0,736.85,10.85
1302681212,6.051759,45.033145,724.91,730.16,5.25
1302681212,6.052005,45.034165,725.67,729.13,3.46
1302681212,6.052284,45.035181,724.79,729.28,4.49
1083211644,6.092109,45.085929,1834.34,1836.8,2.46
1083211644,6.093486,45.085591,1835.4,1845.09,9.69
1083211644,6.094909,45.08536,1832.67,1841.68,9.01
1083211644,6.096341,45.085233,1836.19,1834.64,-1.55
1083211644,6.097678,45.084821,1838.08,1845.61,7.53
1083211644,6.09911,45.08465,1842.54,1846.47,3.93
1083211644,6.100552,45.084738,1848.59,1858.64,10.05
760412725,6.1036,45.048319,1161.96,1160.98,-0.98
760412725,6.104487,45.047537,1170.64,1184.63,13.99
760412725,6.105797,45.046992,1186.19,1189.43,3.24
760412725,6.10715,45.046505,1197.83,1198.89,1.06
760412725,6.107965,45.045624,1209.24,1208.74,-0.5
760412725,6.107865,45.044667,1205.6,1211.36,5.76
760412725,6.108688,45.043917,1217.27,1227.61,10.34
222919303,6.086404,45.045899,1290.09,1294.69,4.6
222919303,6.086492,45.044826,1282.54,1288.22,5.68
222919303,6.086936,45.043796,1274.86,1282.8,7.94
222919303,6.086675,45.04286,1264.03,1272.96,8.93
222919303,6.085784,45.041992,1250.31,1283.59,33.28
222919303,6.084906,45.041307,1244.0,1271.2,27.2
222919303,6.084176,45.040469,1241.43,1254.93,13.5
1148550235,6.049638,45.060286,1097.2,1103.27,6.07
1148550235,6.048819,45.06101,1085.76,1090.54,4.78
1148550235,6.047689,45.061623,1074.65,1078.0,3.35
1148550235,6.047352,45.062466,1064.26,1073.68,9.42
1148550235,6.047805,45.063449,1056.6,1055.45,-1.15
1148550235,6.048229,45.064439,1047.98,1043.99,-3.99
1148550235,6.047942,45.06543,1021.36,1024.62,3.26
232741575,6.149899,45.09181,1936.0,1951.28,15.28
232741575,6.148955,45.090989,1949.75,1959.51,9.76
232741575,6.149489,45.090063,1959.32,1946.41,-12.91
232741575,6.148754,45.090397,1969.05,1974.45,5.4
232741575,6.149084,45.089745,1977.42,1974.28,-3.14
232741575,6.149401,45.088754,1987.0,1992.89,5.89
232741575,6.14907,45.087706,1998.13,1992.53,-5.6
119611321,6.048925,45.139294,773.25,800.92,27.67
119611321,6.048938,45.140282,768.0,773.75,5.75
119611321,6.049199,45.141252,768.0,773.95,5.95
119611321,6.049704,45.142175,768.0,767.3,-0.7
119611321,6.050313,45.143066,768.0,767.63,-0.37
119611321,6.051095,45.143884,785.87,771.85,-14.02
119611321,6.051897,45.144621,781.14,781.44,0.3
1082749709,6.062656,45.161692,1625.64,1657.48,31.84
1082749709,6.061346,45.161273,1637.88,1658.13,20.25
1082749709,6.060038,45.161,1652.79,1666.05,13.26
1082749709,6.058681,45.160689,1667.21,1678.21,11.0
1082749709,6.057415,45.16029,1679.01,1697.45,18.44
1082749709,6.056372,45.15975,1690.24,1686.24,-4.0
1082749709,6.056015,45.158916,1694.94,1671.08,-23.86
136998155,6.039668,45.135413,921.3,934.51,13.21
136998155,6.040451,45.136198,927.85,938.81,10.96
136998155,6.040396,45.137081,937.4,935.04,-2.36
136998155,6.039271,45.137195,946.35,945.85,-0.5
136998155,6.037851,45.137426,951.38,952.61,1.23
136998155,6.036483,45.137614,953.5,956.46,2.96
136998155,6.035337,45.138053,959.27,968.94,9.67
165523290,6.091826,45.020446,1317.32,1328.84,11.52
165523290,6.091315,45.021364,1300.38,1315.08,14.7
165523290,6.090416,45.022017,1296.32,1295.47,-0.85
165523290,6.089144,45.022425,1286.44,1290.92,4.48
165523290,6.08782,45.022736,1278.66,1281.7,3.04
165523290,6.086498,45.022782,1276.24,1268.22,-8.02
165523290,6.086859,45.022965,1266.62,1268.16,1.54
238544629,6.109024,45.029964,1523.84,1522.94,-0.9
238544629,6.110278,45.030284,1522.68,1517.46,-5.22
238544629,6.11157,45.030505,1522.02,1525.22,3.2
238544629,6.1129,45.030526,1523.54,1526.63,3.09
238544629,6.114232,45.030563,1522.23,1515.83,-6.4
238544629,6.115552,45.030473,1524.43,1526.82,2.39
238544629,6.116772,45.030794,1525.02,1521.12,-3.9
244433206,6.028662,45.132658,1061.37,1071.49,10.12
244433206,6.02732,45.132355,1077.27,1087.56,10.29
244433206,6.026469,45.131824,1081.59,1089.65,8.06
244433206,6.025097,45.131354,1090.83,1095.27,4.44
244433206,6.024008,45.131811,1100.76,1126.29,25.53
244433206,6.022952,45.131541,1109.27,1123.93,14.66
85646316,6.062889,45.159612,1503.1,1516.66,13.56
85646316,6.06146,45.15925,1520.6,1530.18,9.58
85646316,6.06097,45.159253,1526.93,1547.38,20.45
85646316,6.061803,45.159887,1538.54,1546.05,7.51
85646316,6.062957,45.160466,1541.89,1559.11,17.22
85646316,6.063983,45.160815,1556.7,1556.74,0.04
85646316,6.065279,45.16084,1564.22,1581.22,17.0
560200247,6.084268,45.040335,1233.46,1254.93,21.47
560200247,6.08505,45.041011,1227.6,1251.41,23.81
560200247,6.085835,45.041564,1224.14,1238.35,14.21
560200247,6.086857,45.042208,1222.1,1239.4,17.3
560200247,6.087844,45.042823,1215.67,1237.23,21.56
560200247,6.089058,45.043293,1206.07,1213.06,6.99
560200247,6.090208,45.043846,1201.04,1204.85,3.81
232739219,6.132158,45.080738,1831.28,1831.45,0.17
232739219,6.131239,45.080114,1840.28,1836.07,-4.21
232739219,6.131543,45.079762,1847.68,1841.55,-6.13
232739219,6.132823,45.079792,1857.26,1854.33,-2.93
232739219,6.134025,45.080193,1866.0,1860.12,-5.88
232739219,6.135253,45.080563,1874.71,1873.42,-1.29
232739219,6.136557,45.080716,1885.45,1890.43,4.98
1040477514,6.045773,45.153207,792.0,798.25,6.25
1040477514,6.04546,45.154109,807.87,821.3,13.43
1040477514,6.045218,45.155033,820.93,828.13,7.2
1040477514,6.044568,45.155825,837.76,837.76,-0.0
1040477514,6.04401,45.156681,844.47,843.32,-1.15
1040477514,6.043428,45.157523,850.89,858.25,7.36
1040477514,6.043072,45.158426,859.94,854.99,-4.95
264100584,6.060477,45.088754,1670.13,1673.36,3.23
264100584,6.059496,45.088924,1661.2,1667.73,6.53
264100584,6.058074,45.08916,1650.89,1652.64,1.75
264100584,6.056631,45.089042,1640.45,1645.23,4.78
264100584,6.055835,45.088208,1631.49,1633.79,2.3
264100584,6.056622,45.088341,1624.25,1631.21,6.96
264100584,6.05778,45.087725,1613.92,1615.82,1.9
210456508,6.041798,45.129197,731.03,735.8,4.77
210456508,6.043005,45.128613,736.7,741.08,4.38
210456508,6.043879,45.127997,740.87,735.79,-5.08
210456508,6.043743,45.128486,747.58,749.37,1.79
210456508,6.042766,45.129257,755.31,756.28,0.97
210456508,6.041787,45.130025,763.14,766.17,3.03
210456508,6.040773,45.130553,770.41,774.55,4.14
28477411,6.059701,45.041916,725.54,726.74,1.2
28477411,6.060406,45.041113,725.96,728.12,2.16
28477411,6.061113,45.040312,725.88,724.36,-1.52
28477411,6.061822,45.039511,726.21,727.03,0.82
28477411,6.062528,45.038709,725.65,724.72,-0.93
28477411,6.063233,45.037907,725.7,725.82,0.12
28477411,6.063928,45.037116,725.96,723.57,-2.39
187059679,6.063444,45.047808,1269.02,1329.77,60.75
187059679,6.062482,45.048432,1260.2,1269.95,9.75
187059679,6.061798,45.049193,1251.23,1279.61,28.38
187059679,6.060982,45.049904,1241.71,1229.55,-12.16
187059679,6.060243,45.050686,1232.61,1221.16,-11.45
187059679,6.059542,45.051397,1223.69,1253.59,29.9
187059679,6.058612,45.052017,1212.88,1242.58,29.7
244433206,6.032272,45.135783,1025.72,1017.23,-8.49
244433206,6.031854,45.13486,1027.96,1048.05,20.09
244433206,6.03094,45.134553,1049.86,1062.37,12.51
244433206,6.03096,45.1336,1038.26,1048.4,10.14
244433206,6.029947,45.133216,1047.36,1058.41,11.05
244433206,6.028763,45.133509,1068.42,1082.21,13.79
244433206,6.028704,45.132786,1060.24,1078.13,17.89
1246961120,6.095288,45.029184,1248.6,1260.51,11.91
1246961120,6.095016,45.030077,1236.65,1230.68,-5.97
1246961120,6.094883,45.030958,1276.84,1185.06,-91.78
1246961120,6.095454,45.031695,1251.36,1217.02,-34.34
1246961120,6.096189,45.032471,1250.92,1230.23,-20.69
1246961120,6.097183,45.033127,1255.14,1235.63,-19.51
206313877,6.161726,45.044191,1064.77,1113.59,48.82
206313877,6.160688,45.04371,1071.16,1088.45,17.29
206313877,6.159356,45.043724,1079.14,1094.28,15.14
206313877,6.158051,45.043906,1082.62,1100.14,17.52
206313877,6.156797,45.044217,1082.29,1078.7,-3.59
206313877,6.156424,45.044888,1075.26,1097.25,21.99
206313877,6.155322,45.045259,1084.93,1097.0,12.07
49894104,6.071815,45.027524,743.2,741.73,-1.47
49894104,6.071631,45.02664,742.85,748.99,6.14
49894104,6.071379,45.02576,742.19,743.04,0.85
49894104,6.071081,45.024885,741.7,748.45,6.75
49894104,6.070598,45.024056,741.29,760.79,19.5
49894104,6.069947,45.023284,740.8,748.85,8.05
49894104,6.069224,45.022546,740.69,752.32,11.63
238544615,6.100886,45.026589,1512.6,1517.74,5.14
238544615,6.101829,45.02715,1509.12,1505.07,-4.05
238544615,6.102722,45.027818,1513.42,1505.33,-8.09
238544615,6.103485,45.028447,1512.19,1512.89,0.7
238544615,6.104638,45.028968,1521.4,1520.47,-0.93
238544615,6.105851,45.02918,1521.07,1515.77,-5.3
238544615,6.106975,45.029384,1530.75,1526.79,-3.96
181437601,6.017999,45.072167,724.66,725.74,1.08
181437601,6.018626,45.071384,723.14,730.36,7.22
181437601,6.019207,45.070583,721.14,727.8,6.66
181437601,6.019779,45.069779,719.38,721.88,2.5
181437601,6.020378,45.068985,718.39,716.4,-1.99
181437601,6.020985,45.068194,717.8,717.04,-0.76
181437601,6.021611,45.06741,717.59,717.92,0.33
560145291,6.144514,45.053842,1199.75,1202.22,2.47
560145291,6.144995,45.054608,1201.49,1194.48,-7.01
560145291,6.145474,45.055463,1197.52,1191.52,-6.0
560145291,6.145656,45.056389,1179.74,1162.72,-17.02
560145291,6.146481,45.056973,1181.87,1164.05,-17.82
560145291,6.147189,45.057636,1175.16,1164.47,-10.69
560145291,6.147807,45.058447,1171.33,1183.13,11.8
905944753,6.070264,45.107927,1965.95,1966.47,0.52
905944753,6.069526,45.107209,1958.47,1960.04,1.57
905944753,6.068671,45.106552,1948.64,1951.92,3.28
905944753,6.067795,45.1059,1938.52,1944.07,5.55
905944753,6.067266,45.105089,1928.98,1932.98,4.0
905944753,6.066878,45.104232,1918.84,1927.33,8.49
905944753,6.06673,45.103339,1910.03,1914.38,4.35
521292041,6.048899,45.03586,721.54,721.88,0.34
521292041,6.048428,45.036664,721.11,721.22,0.11
521292041,6.047898,45.037469,720.79,721.47,0.68
521292041,6.047235,45.038219,720.51,722.04,1.53
521292041,6.04633,45.038815,719.64,722.43,2.79
521292041,6.045859,45.039544,719.21,720.67,1.46
521292041,6.04511,45.040269,718.88,721.29,2.41
1304085308,6.015161,45.117064,712.45,712.34,-0.11
1304085308,6.015812,45.117762,712.32,713.78,1.46
1304085308,6.016619,45.118459,712.78,716.26,3.48
1304085308,6.017477,45.119122,712.97,713.73,0.76
1304085308,6.018479,45.119668,713.57,715.76,2.19
1304085308,6.019578,45.120121,714.28,715.56,1.28
1304085308,6.020582,45.120543,715.6,719.87,4.27
39061881,6.045438,45.128083,773.99,764.0,-9.99
39061881,6.044512,45.127551,767.93,760.23,-7.7
39061881,6.04362,45.126858,778.83,786.73,7.9
39061881,6.043001,45.126096,805.84,805.77,-0.07
39061881,6.041854,45.12571,804.91,803.17,-1.74
39061881,6.040697,45.125237,803.94,811.29,7.35
1529742812,6.084846,45.045073,1334.45,1343.6,9.15
1529742812,6.085048,45.045948,1332.41,1338.69,6.28
1529742812,6.085609,45.046804,1322.35,1329.99,7.64
1529742812,6.085617,45.047657,1323.16,1323.17,0.01
1529742812,6.085906,45.047661,1314.6,1314.72,0.12
1529742812,6.086256,45.046755,1298.45,1309.69,11.24
517102012,6.034543,45.134411,977.92,973.37,-4.55
517102012,6.035639,45.134288,979.32,989.07,9.75
517102012,6.036537,45.134546,988.68,1002.54,13.86
517102012,6.035506,45.13444,989.12,990.21,1.09
517102012,6.034373,45.134915,1003.97,1002.62,-1.35
517102012,6.033447,45.135583,1014.39,1017.59,3.2
517102012,6.032324,45.135809,1025.3,1017.23,-8.07
167302508,6.064015,45.073686,1486.63,1492.2,5.57
167302508,6.064422,45.072887,1486.93,1487.76,0.83
167302508,6.064291,45.072144,1483.07,1483.16,0.09
167302508,6.064404,45.071297,1479.7,1476.35,-3.35
167302508,6.064261,45.07045,1473.21,1475.05,1.84
167302508,6.064106,45.069644,1470.26,1466.34,-3.92
167302508,6.063609,45.068932,1458.15,1456.55,-1.6
805561855,6.06123,45.064866,1402.75,1406.38,3.63
805561855,6.060418,45.064765,1390.9,1395.53,4.63
805561855,6.059783,45.064648,1393.94,1399.31,5.37
805561855,6.059918,45.064855,1383.37,1393.24,9.87
805561855,6.058678,45.064516,1384.62,1376.9,-7.72
805561855,6.057354,45.064533,1365.7,1363.33,-2.37
805561855,6.056336,45.064149,1363.43,1374.88,11.45
545349407,6.085092,45.161732,1304.09,1317.93,13.84
545349407,6.084369,45.161047,1295.55,1308.59,13.04
545349407,6.083513,45.160444,1289.34,1302.15,12.81
545349407,6.082669,45.159832,1283.49,1296.44,12.95
545349407,6.081815,45.159229,1277.92,1292.46,14.54
545349407,6.081138,45.158645,1265.19,1280.06,14.87
545349407,6.08006,45.158465,1259.62,1267.09,7.47
220002690,6.161933,45.07109,1451.4,1450.48,-0.92
220002690,6.160713,45.071282,1441.6,1443.15,1.55
220002690,6.160555,45.071163,1434.33,1437.59,3.26
220002690,6.161189,45.070408,1422.6,1428.73,6.13
220002690,6.162206,45.069992,1415.89,1413.4,-2.49
220002690,6.162988,45.069368,1402.3,1403.91,1.61
220002690,6.163728,45.068887,1398.4,1407.54,9.14
261135296,6.143961,45.031228,1248.76,1259.7,10.94
261135296,6.143691,45.031939,1252.03,1255.22,3.19
261135296,6.143431,45.032721,1257.69,1261.46,3.77
261135296,6.143449,45.033573,1270.12,1270.38,0.26
261135296,6.14356,45.034367,1276.66,1272.52,-4.14
261135296,6.144001,45.035108,1287.72,1286.2,-1.52
261135296,6.144239,45.035908,1289.31,1294.56,5.25
206313876,6.16862,45.042721,1064.18,1072.9,8.72
206313876,6.167491,45.042658,1068.48,1070.48,2.0
206313876,6.166412,45.04291,1069.42,1074.0,4.58
206313876,6.165339,45.043187,1072.63,1080.23,7.6
206313876,6.164292,45.043511,1070.0,1073.78,3.78
206313876,6.163215,45.043782,1068.81,1074.67,5.86
206313876,6.162175,45.044102,1066.04,1080.62,14.58
1163932472,6.045364,45.040799,719.07,721.51,2.44
1163932472,6.045617,45.041531,718.84,719.96,1.12
1163932472,6.046431,45.042003,718.78,719.67,0.89
1163932472,6.046408,45.042802,718.72,719.88,1.16
1163932472,6.046964,45.043505,718.66,725.52,6.86
1163932472,6.047138,45.044305,718.82,720.67,1.85
1163932472,6.047263,45.04511,718.73,720.67,1.94
560199121,6.073015,45.037512,1324.6,1341.79,17.19
560199121,6.073895,45.037974,1324.92,1325.03,0.11
560199121,6.074445,45.038675,1332.26,1338.42,6.16
560199121,6.074992,45.039366,1332.25,1342.93,10.68
560199121,6.075792,45.039941,1332.57,1339.64,7.07
560199121,6.076161,45.040702,1339.73,1349.7,9.97
560199121,6.076904,45.040496,1338.81,1342.26,3.45
49164994,6.076987,45.053905,1613.48,1618.15,4.67
49164994,6.077062,45.053053,1611.97,1620.58,8.61
49164994,6.077365,45.052428,1608.95,1609.52,0.57
49164994,6.077587,45.053057,1602.34,1601.95,-0.39
49164994,6.07776,45.053894,1592.32,1600.83,8.51
49164994,6.078329,45.054644,1587.89,1594.39,6.5
49164994,6.078625,45.055373,1586.05,1586.18,0.13
853463754,6.092221,45.03826,968.83,958.89,-9.94
853463754,6.093174,45.038707,972.19,973.88,1.69
853463754,6.094104,45.039158,978.09,978.29,0.2
853463754,6.09492,45.039715,985.51,983.58,-1.93
853463754,6.095883,45.04015,984.72,991.11,6.39
853463754,6.096946,45.040316,985.68,985.53,-0.15
853463754,6.097994,45.040206,988.52,987.23,-1.29
152271733,6.032278,45.063375,717.92,717.19,-0.73
152271733,6.032818,45.062661,718.38,718.08,-0.3
152271733,6.033381,45.061956,718.84,717.85,-0.99
152271733,6.034086,45.061319,719.27,721.96,2.69
152271733,6.034845,45.060713,719.7,720.31,0.61
152271733,6.035609,45.06011,720.51,721.19,0.68
61497926,6.103222,45.038271,980.71,997.44,16.73
61497926,6.104178,45.038035,988.1,1008.49,20.39
61497926,6.105241,45.038166,984.97,975.83,-9.14
61497926,6.10625,45.038432,976.39,957.03,-19.36
61497926,6.107266,45.038683,975.32,978.42,3.1
61497926,6.108186,45.039075,961.52,1007.1,45.58
61497926,6.109221,45.03898,948.69,1000.71,52.02
133321130,6.168663,45.070176,1511.62,1513.82,2.2
133321130,6.167645,45.07042,1503.7,1505.49,1.79
133321130,6.166588,45.070724,1495.09,1493.59,-1.5
133321130,6.165793,45.071295,1487.29,1491.53,4.24
133321130,6.16497,45.07126,1479.51,1483.3,3.79
133321130,6.164152,45.070852,1466.17,1470.18,4.01
133321130,6.163051,45.071003,1460.05,1460.26,0.21
265659186,6.121624,45.02833,1480.43,1495.88,15.45
265659186,6.121148,45.028896,1491.55,1490.36,-1.19
265659186,6.12071,45.029677,1495.58,1501.24,5.66
265659186,6.119637,45.030056,1507.59,1505.46,-2.13
265659186,6.118524,45.030385,1513.74,1518.51,4.77
265659186,6.117472,45.0308,1515.1,1522.26,7.16
119323669,6.148575,45.048357,1298.5,1316.16,17.66
119323669,6.149563,45.048323,1305.45,1309.87,4.42
119323669,6.14932,45.048576,1310.35,1317.43,7.08
119323669,6.148305,45.04863,1317.12,1335.67,18.55
119323669,6.14808,45.048737,1325.59,1335.67,10.08
119323669,6.149202,45.04902,1331.35,1345.39,14.04
119323669,6.150145,45.048635,1332.08,1346.92,14.84
222916421,6.034258,45.097566,1494.04,1494.11,0.07
222916421,6.033589,45.096982,1497.11,1491.32,-5.79
222916421,6.03278,45.096479,1494.15,1493.21,-0.94
222916421,6.032106,45.09588,1487.89,1485.03,-2.86
222916421,6.031443,45.095278,1482.31,1480.27,-2.04
222916421,6.030948,45.094601,1475.54,1471.51,-4.03
222916421,6.031027,45.093928,1472.59,1475.44,2.85
186898322,6.084419,45.042899,1348.75,1364.88,16.13
186898322,6.084671,45.043682,1354.71,1376.09,21.38
186898322,6.084304,45.04439,1361.74,1381.26,19.52
186898322,6.084211,45.045073,1357.39,1371.43,14.04
186898322,6.084225,45.045804,1356.72,1368.65,11.93
186898322,6.084465,45.046586,1357.68,1356.78,-0.9
186898322,6.084524,45.047246,1355.86,1358.19,2.33
133213823,6.178865,45.076565,1558.52,1568.31,9.79
133213823,6.178331,45.075952,1560.55,1567.09,6.54
133213823,6.177633,45.075431,1564.2,1566.41,2.21
133213823,6.176926,45.074915,1564.48,1568.86,4.38
133213823,6.176313,45.074343,1563.71,1570.4,6.69
133213823,6.175656,45.073795,1564.41,1568.62,4.21
133213823,6.17491,45.073307,1564.19,1567.52,3.33
232197430,6.071832,45.148911,1085.81,1088.45,2.64
232197430,6.072317,45.14871,1094.06,1094.35,0.29
232197430,6.071993,45.149395,1095.68,1097.28,1.6
232197430,6.072813,45.149961,1099.81,1098.99,-0.82
232197430,6.073629,45.150529,1106.18,1103.16,-3.02
232197430,6.073813,45.151272,1103.99,1101.41,-2.58
853463753,6.09802,45.040211,989.01,987.23,-1.78
853463753,6.098688,45.040731,994.11,991.37,-2.74
853463753,6.099544,45.040892,985.0,971.44,-13.56
853463753,6.100149,45.040319,991.87,988.23,-3.64
853463753,6.100504,45.039667,994.0,1012.64,18.64
853463753,6.101204,45.039147,995.9,1004.09,8.19
853463753,6.10191,45.038806,988.31,1001.12,12.81
119323669,6.153193,45.049511,1359.48,1373.73,14.25
119323669,6.154074,45.049949,1367.91,1372.94,5.03
119323669,6.154742,45.050492,1368.1,1376.68,8.58
119323669,6.154272,45.050273,1377.8,1379.02,1.22
119323669,6.153267,45.050005,1383.61,1402.2,18.59
119323669,6.152282,45.049696,1391.45,1395.44,3.99
119323669,6.151531,45.049539,1395.16,1405.0,9.84
152271732,6.072984,45.029666,757.7,752.2,-5.5
152271732,6.07359,45.030187,764.11,760.29,-3.82
152271732,6.074349,45.030594,770.32,765.05,-5.27
152271732,6.075237,45.030798,769.5,779.61,10.11
152271732,6.076184,45.030872,779.33,784.06,4.73
152271732,6.077038,45.030692,772.79,786.94,14.15
152271732,6.077141,45.030033,779.87,805.02,25.15
846177339,6.041844,45.037038,719.94,719.54,-0.4
846177339,6.042565,45.037395,719.61,717.88,-1.73
846177339,6.04272,45.038054,719.3,717.12,-2.18
846177339,6.043042,45.038688,719.25,721.22,1.97
846177339,6.043493,45.039282,719.05,719.27,0.22
846177339,6.044089,45.039808,719.0,719.61,0.61
846177339,6.044812,45.040245,718.86,720.74,1.88
339551588,6.123296,45.042377,925.97,929.78,3.81
339551588,6.122385,45.042525,923.9,927.59,3.69
339551588,6.121466,45.042622,925.98,933.67,7.69
339551588,6.120659,45.04229,925.76,924.77,-0.99
339551588,6.120264,45.041681,936.95,926.17,-10.78
339551588,6.119553,45.041248,927.34,931.51,4.17
339551588,6.118944,45.04073,935.72,958.86,23.14
1082749715,6.061197,45.151238,1068.42,1075.27,6.85
1082749715,6.060202,45.151136,1058.37,1072.72,14.35
1082749715,6.059243,45.150973,1048.67,1055.57,6.9
1082749715,6.058325,45.150832,1042.59,1040.47,-2.12
1082749715,6.057709,45.150888,1041.85,1052.76,10.91
1082749715,6.05846,45.15062,1035.24,1042.88,7.64
1082749715,6.059355,45.150278,1027.75,1035.23,7.48
281000479,6.043167,45.141122,851.33,847.93,-3.4
281000479,6.043036,45.141629,863.1,877.83,14.73
281000479,6.043315,45.142296,860.8,877.95,17.15
281000479,6.043704,45.142903,849.81,860.64,10.83
281000479,6.044066,45.143572,850.13,856.15,6.02
281000479,6.044085,45.144133,851.99,862.9,10.91
281000479,6.044055,45.144759,842.03,840.7,-1.33
1371357753,6.017596,45.128442,1160.6,1167.06,6.46
1371357753,6.018342,45.128774,1164.27,1171.62,7.35
1371357753,6.019045,45.129229,1170.59,1187.98,17.39
1371357753,6.019635,45.129757,1175.83,1195.82,19.99
1371357753,6.019949,45.130388,1181.11,1199.36,18.25
1371357753,6.020343,45.131001,1187.57,1194.62,7.05
1371357753,6.020704,45.131618,1192.94,1204.48,11.54
236359529,6.079023,45.153968,1111.39,1109.59,-1.8
236359529,6.078177,45.153786,1106.74,1111.39,4.65
236359529,6.07728,45.153555,1106.74,1113.29,6.55
236359529,6.076565,45.153188,1110.17,1109.38,-0.79
236359529,6.075817,45.152771,1112.16,1113.33,1.17
236359529,6.075051,45.152372,1109.35,1115.66,6.31
236359529,6.074529,45.151869,1110.57,1113.86,3.29
187058987,6.049455,45.067273,1006.14,1015.22,9.08
187058987,6.050192,45.067699,1002.87,1014.67,11.8
187058987,6.050616,45.068213,995.64,1003.02,7.38
187058987,6.051237,45.068595,995.02,1005.09,10.07
187058987,6.051715,45.069176,984.23,988.0,3.77
187058987,6.052422,45.069629,981.44,988.3,6.86
187058987,6.053278,45.069814,980.61,972.29,-8.32
1445393121,6.058567,45.052033,1213.3,1232.45,19.15
1445393121,6.05784,45.052432,1208.18,1217.57,9.39
1445393121,6.057071,45.05276,1201.58,1199.17,-2.41
1445393121,6.056444,45.053263,1195.19,1201.25,6.06
1445393121,6.05584,45.053785,1188.0,1197.24,9.24
1445393121,6.055089,45.054198,1184.23,1194.2,9.97
1445393121,6.05486,45.054714,1180.21,1183.25,3.04
39063955,6.04,45.124813,809.55,812.32,2.77
39063955,6.040832,45.125143,812.54,811.29,-1.25
39063955,6.041697,45.125415,816.67,813.97,-2.7
39063955,6.042592,45.125642,823.09,815.63,-7.46
39063955,6.043436,45.125776,836.15,830.68,-5.47
39063955,6.043884,45.126206,823.65,817.27,-6.38
39063955,6.044653,45.126559,829.37,827.1,-2.27
545355231,6.040898,45.130757,773.74,777.02,3.28
545355231,6.041557,45.130443,770.5,768.95,-1.55
545355231,6.042277,45.13,770.75,764.0,-6.75
545355231,6.042997,45.129557,769.66,764.0,-5.66
545355231,6.043719,45.129116,770.56,764.0,-6.56
545355231,6.044441,45.128674,770.76,764.0,-6.76
545355231,6.045158,45.128229,770.6,764.0,-6.6
131054532,6.070514,45.029621,742.79,745.34,2.55
131054532,6.070539,45.029004,736.72,739.61,2.89
131054532,6.070297,45.028306,735.89,738.19,2.3
131054532,6.070305,45.027639,735.25,736.21,0.96
131054532,6.07034,45.026987,734.82,737.59,2.77
131054532,6.071071,45.027091,736.07,736.05,-0.02
131054532,6.071815,45.027524,743.2,741.73,-1.47
107161940,6.039877,45.034987,933.71,952.73,19.02
107161940,6.039561,45.035557,925.92,906.65,-19.27
107161940,6.038937,45.035912,920.02,918.49,-1.53
107161940,6.038119,45.036316,912.04,950.6,38.56
107161940,6.037808,45.03692,904.6,909.2,4.6
107161940,6.037328,45.037252,898.95,869.54,-29.41
107161940,6.036667,45.037721,891.23,861.44,-29.79
905944758,6.07649,45.107938,1996.42,1994.75,-1.67
905944758,6.075686,45.108297,1990.74,1990.15,-0.59
905944758,6.074789,45.108523,1985.81,1986.61,0.8
905944758,6.07399,45.108554,1981.17,1982.12,0.95
905944758,6.073552,45.108079,1978.11,1980.03,1.92
905944758,6.072847,45.108374,1975.07,1975.11,0.04
222919304,6.083361,45.050661,1367.28,1372.74,5.46
222919304,6.082968,45.050248,1367.8,1374.91,7.11
222919304,6.083484,45.04969,1361.34,1369.39,8.05
222919304,6.083747,45.049024,1361.22,1365.49,4.27
222919304,6.083673,45.048306,1364.79,1363.88,-0.91
222919304,6.084169,45.047703,1357.38,1361.23,3.85
222919304,6.084524,45.047246,1355.86,1358.19,2.33
234164228,6.036728,45.069555,716.84,719.7,2.86
234164228,6.036874,45.068888,716.89,717.5,0.61
234164228,6.037024,45.068221,717.28,719.02,1.74
234164228,6.037166,45.067593,717.51,721.72,4.21
234164228,6.037831,45.067494,717.8,722.12,4.32
234164228,6.038544,45.067464,718.47,725.83,7.36
234164228,6.038954,45.066856,719.02,725.35,6.33
232935243,6.033526,45.060863,722.01,721.17,-0.84
232935243,6.032701,45.061091,718.13,720.0,1.87
232935243,6.031844,45.061257,717.78,719.29,1.51
232935243,6.031018,45.06149,717.34,720.29,2.95
232935243,6.030358,45.06183,717.2,720.35,3.15
232935243,6.029612,45.062173,717.29,720.66,3.37
232935243,6.028867,45.062517,717.25,719.0,1.75
165523305,6.086965,45.022981,1265.82,1268.14,2.32
165523305,6.086017,45.023045,1262.79,1267.38,4.59
165523305,6.085067,45.023071,1261.71,1256.94,-4.77
165523305,6.084234,45.022868,1264.19,1255.78,-8.41
165523305,6.083538,45.022409,1269.89,1264.77,-5.12
165523305,6.082796,45.02215,1266.08,1272.95,6.87
28477411,6.046999,45.051295,722.96,719.99,-2.97
28477411,6.047661,45.050875,723.32,720.06,-3.26
28477411,6.048346,45.050473,723.38,721.39,-1.99
28477411,6.049032,45.050072,723.47,722.98,-0.49
28477411,6.049717,45.04967,723.75,720.87,-2.88
28477411,6.050402,45.049269,723.86,723.9,0.04
28477411,6.051087,45.048866,724.21,722.64,-1.57
265659181,6.122212,45.033476,1291.45,1293.82,2.37
265659181,6.121328,45.033542,1300.76,1297.64,-3.12
265659181,6.120445,45.033611,1308.21,1299.99,-8.22
265659181,6.119571,45.033719,1312.78,1306.7,-6.08
265659181,6.118684,45.033757,1314.27,1313.44,-0.83
265659181,6.117796,45.033765,1319.59,1322.86,3.27
265659181,6.116914,45.033697,1326.37,1330.96,4.59
165523290,6.090276,45.023141,1250.84,1250.27,-0.57
165523290,6.091185,45.022984,1247.56,1249.12,1.56
165523290,6.091813,45.023038,1245.19,1250.08,4.89
165523290,6.092492,45.022964,1245.81,1252.95,7.14
165523290,6.093139,45.022921,1249.12,1256.47,7.35
165523290,6.093394,45.023244,1248.35,1252.45,4.1
165523290,6.093505,45.023691,1247.45,1250.26,2.81
132668852,6.02723,45.051269,747.66,750.27,2.61
132668852,6.027075,45.050603,742.42,748.13,5.71
132668852,6.02737,45.050424,739.4,743.47,4.07
132668852,6.028044,45.050897,734.4,740.24,5.84
132668852,6.028874,45.051227,730.48,731.33,0.85
132668852,6.029271,45.05182,727.41,731.18,3.77
132668852,6.029522,45.052454,723.83,726.1,2.27
252082777,6.042207,45.133956,826.67,836.49,9.82
252082777,6.042518,45.134464,826.95,832.41,5.46
252082777,6.042573,45.135092,831.67,834.41,2.74
252082777,6.042839,45.135692,830.7,830.77,0.07
252082777,6.043347,45.136206,829.04,832.3,3.26
252082777,6.043805,45.136677,827.46,833.7,6.24
252082777,6.043849,45.137298,827.4,829.93,2.53
232939752,6.01809,45.084172,715.29,717.57,2.28
232939752,6.018532,45.083847,718.11,717.97,-0.14
232939752,6.018923,45.083281,718.16,717.3,-0.86
232939752,6.019297,45.082709,718.22,719.12,0.9
232939752,6.019671,45.082137,718.32,721.6,3.28
232939752,6.020024,45.081559,718.59,717.61,-0.98
232939752,6.020382,45.081035,719.11,720.7,1.59
105446062,6.064538,45.088968,1772.85,1773.06,0.21
105446062,6.064554,45.088339,1774.7,1773.75,-0.95
105446062,6.064732,45.087722,1777.18,1782.59,5.41
105446062,6.065087,45.087201,1779.93,1780.37,0.44
105446062,6.065851,45.086892,1782.22,1785.62,3.4
105446062,6.06667,45.086817,1785.99,1796.79,10.8
309457135,6.067371,45.093237,1827.91,1833.95,6.04
309457135,6.06665,45.092966,1826.32,1832.52,6.2
309457135,6.06583,45.092905,1823.73,1829.07,5.34
309457135,6.065037,45.092741,1819.93,1826.11,6.18
309457135,6.064222,45.092645,1817.67,1820.06,2.39
309457135,6.063401,45.092597,1814.08,1822.87,8.79
309457135,6.062579,45.092654,1810.16,1816.35,6.19
119611329,6.073964,45.135844,1299.77,1309.24,9.47
119611329,6.073808,45.13529,1299.3,1292.3,-7.0
119611329,6.07331,45.134828,1301.52,1293.46,-8.06
119611329,6.073355,45.134251,1311.8,1310.89,-0.91
119611329,6.073152,45.133706,1314.93,1312.58,-2.35
119611329,6.072646,45.133256,1315.93,1320.16,4.23
119611329,6.072626,45.132672,1326.92,1325.05,-1.87
905950459,6.078818,45.106257,2024.29,2022.02,-2.27
905950459,6.078623,45.105696,2021.62,2023.47,1.85
905950459,6.078186,45.105786,2016.42,2015.16,-1.26
905950459,6.07786,45.106324,2011.66,2010.68,-0.98
905950459,6.077553,45.106866,2004.92,2003.35,-1.57
905950459,6.0772,45.107394,2000.38,1997.37,-3.01
905950459,6.076657,45.107832,1996.87,1994.75,-2.12
105500342,6.056484,45.091385,1709.79,1712.21,2.42
105500342,6.057069,45.091372,1711.47,1711.57,0.1
105500342,6.057867,45.091234,1713.87,1718.92,5.05
105500342,6.058673,45.091139,1717.44,1727.97,10.53
105500342,6.059438,45.090916,1718.98,1723.65,4.67
105500342,6.060189,45.090674,1723.13,1726.15,3.02
105500342,6.060797,45.090279,1721.92,1731.59,9.67
264079095,6.083196,45.158375,1223.5,1231.48,7.98
264079095,6.084041,45.158576,1223.35,1222.01,-1.34
264079095,6.084504,45.158476,1216.18,1218.88,2.7
264079095,6.083817,45.158331,1214.38,1215.58,1.2
264079095,6.083192,45.157964,1209.63,1219.16,9.53
264079095,6.082666,45.15746,1202.09,1207.98,5.89
264079095,6.081916,45.157135,1195.6,1197.67,2.07
483307996,6.049638,45.060286,1097.2,1103.27,6.07
483307996,6.049433,45.059629,1092.56,1089.3,-3.26
483307996,6.049516,45.059003,1087.21,1093.6,6.39
483307996,6.049131,45.059283,1082.77,1077.33,-5.44
483307996,6.049049,45.059606,1079.36,1075.86,-3.5
483307996,6.049115,45.058951,1076.01,1078.56,2.55
483307996,6.049554,45.05864,1074.58,1085.99,11.41
1082369794,6.055687,45.080398,1435.86,1441.27,5.41
1082369794,6.055313,45.080822,1437.12,1439.97,2.85
1082369794,6.054802,45.080427,1426.32,1430.67,4.35
1082369794,6.054653,45.079852,1416.58,1433.5,16.92
1082369794,6.054691,45.079274,1411.77,1421.15,9.38
1082369794,6.054404,45.078727,1408.45,1421.26,12.81
1082369794,6.054088,45.078186,1399.34,1413.79,14.45
264100551,6.052169,45.073302,1204.3,1205.49,1.19
264100551,6.051913,45.073309,1191.5,1199.28,7.78
264100551,6.05136,45.073798,1191.29,1191.06,-0.23
264100551,6.050736,45.074247,1185.44,1195.63,10.19
264100551,6.050164,45.074687,1177.46,1181.83,4.37
264100551,6.049734,45.075203,1178.05,1192.2,14.15
264100551,6.048898,45.075252,1169.5,1175.71,6.21
277885735,6.174214,45.040368,1060.37,1075.64,15.27
277885735,6.173538,45.040611,1049.95,1059.99,10.04
277885735,6.172917,45.040923,1056.64,1065.87,9.23
277885735,6.172296,45.041237,1058.8,1066.17,7.37
277885735,6.171616,45.041472,1064.46,1070.37,5.91
277885735,6.170879,45.041611,1064.35,1065.66,1.31
277885735,6.170214,45.041858,1065.67,1064.88,-0.79
181438142,6.036546,45.058351,724.25,721.08,-3.17
181438142,6.036112,45.05879,722.72,720.79,-1.93
181438142,6.035615,45.0592,722.61,718.5,-4.11
181438142,6.035108,45.059603,722.41,721.57,-0.84
181438142,6.034602,45.060007,722.38,721.05,-1.33
181438142,6.034095,45.06041,722.32,720.86,-1.46
181438142,6.033588,45.060814,722.07,721.9,-0.17
165523290,6.096025,45.022697,1319.0,1318.78,-0.22
165523290,6.096286,45.022251,1324.94,1322.55,-2.39
165523290,6.095774,45.021864,1317.45,1317.03,-0.42
165523290,6.095278,45.021397,1316.82,1317.97,1.15
165523290,6.094996,45.020856,1319.7,1320.07,0.37
165523290,6.094721,45.020543,1323.0,1333.41,10.41
165523290,6.094128,45.020877,1313.97,1315.28,1.31
1371357754,6.021024,45.129987,1137.39,1144.64,7.25
1371357754,6.020479,45.129736,1142.81,1170.28,27.47
1371357754,6.019916,45.129313,1146.56,1169.59,23.03
1371357754,6.019267,45.128951,1149.2,1169.69,20.49
1371357754,6.018577,45.128629,1153.85,1171.62,17.77
1371357754,6.017926,45.128277,1158.57,1160.2,1.63
1371357754,6.017583,45.128323,1159.88,1158.78,-1.1
803847038,6.139869,45.047943,1094.8,1095.59,0.79
803847038,6.140658,45.048099,1105.17,1111.45,6.28
803847038,6.141431,45.048256,1109.08,1109.5,0.42
803847038,6.142152,45.048534,1119.13,1121.12,1.99
803847038,6.142924,45.04874,1124.7,1135.24,10.54
803847038,6.143409,45.048852,1130.4,1136.39,5.99
803847038,6.142739,45.048881,1135.62,1137.06,1.44
232744766,6.153602,45.070271,1356.31,1371.78,15.47
232744766,6.153648,45.069732,1351.13,1357.8,6.67
232744766,6.153822,45.069208,1345.09,1351.84,6.75
232744766,6.153638,45.06869,1338.97,1348.81,9.84
232744766,6.153438,45.068173,1333.25,1336.46,3.21
232744766,6.153419,45.067633,1326.1,1332.98,6.88
232744766,6.153132,45.067143,1320.21,1324.18,3.97
136998156,6.039668,45.135413,921.3,934.51,13.21
136998156,6.039283,45.135337,928.62,942.28,13.66
136998156,6.039034,45.134786,924.55,942.25,17.7
136998156,6.038638,45.134277,929.91,942.1,12.19
136998156,6.038021,45.133967,933.29,957.61,24.32
136998156,6.037216,45.133835,938.37,941.69,3.32
136998156,6.036464,45.133842,941.12,942.69,1.57
271952849,6.089615,45.03246,908.62,907.2,-1.42
271952849,6.090279,45.032714,912.32,912.57,0.25
271952849,6.090531,45.033213,916.34,916.82,0.48
271952849,6.090622,45.0337,917.63,922.59,4.96
271952849,6.09115,45.033897,920.59,927.02,6.43
271952849,6.091778,45.034037,926.29,931.7,5.41
271952849,6.092014,45.034547,928.44,937.1,8.66
1093032929,6.051763,45.055724,1163.5,1163.58,0.08
1093032929,6.051794,45.056257,1158.43,1157.73,-0.7
1093032929,6.052022,45.056769,1153.29,1153.32,0.03
1093032929,6.052309,45.057269,1147.63,1152.75,5.12
1093032929,6.052726,45.057717,1142.26,1154.24,11.98
1093032929,6.052313,45.057997,1137.95,1147.77,9.82
1093032929,6.051682,45.058287,1132.08,1134.94,2.86
545349405,6.016869,45.118772,713.4,713.92,0.52
545349405,6.017378,45.119174,713.77,714.47,0.7
545349405,6.017945,45.119534,714.23,716.45,2.22
545349405,6.018568,45.119846,714.89,716.08,1.19
545349405,6.019226,45.120119,715.9,715.1,-0.8
545349405,6.019886,45.12039,716.34,715.55,-0.79
545349405,6.020522,45.120652,716.48,716.75,0.27
803847031,6.125434,45.032052,1279.41,1281.12,1.71
803847031,6.124791,45.031875,1279.71,1288.85,9.14
803847031,6.12434,45.032088,1285.01,1298.05,13.04
803847031,6.12414,45.032608,1283.44,1289.94,6.5
803847031,6.123841,45.033096,1282.44,1282.46,0.02
803847031,6.12317,45.033339,1286.46,1286.13,-0.33
803847031,6.122429,45.033458,1289.39,1292.75,3.36
399473553,6.119393,45.047125,1072.45,1085.1,12.65
399473553,6.119018,45.046721,1074.48,1085.95,11.47
399473553,6.118857,45.046196,1074.04,1081.29,7.25
399473553,6.118607,45.045687,1074.16,1089.45,15.29
399473553,6.118321,45.045189,1075.7,1088.8,13.1
399473553,6.118201,45.044705,1075.54,1084.32,8.78
399473553,6.118113,45.044169,1074.33,1085.04,10.71
1188945942,6.050349,45.028568,729.72,737.17,7.45
1188945942,6.050088,45.029073,726.28,740.22,13.94
1188945942,6.049689,45.029533,725.61,752.63,27.02
1188945942,6.049264,45.029981,725.27,747.22,21.95
1188945942,6.048841,45.030431,724.71,731.23,6.52
1188945942,6.048437,45.030888,724.21,724.31,0.1
97974234,6.073292,45.129914,1363.51,1359.95,-3.56
97974234,6.073649,45.130186,1369.09,1370.31,1.22
97974234,6.073462,45.130704,1369.07,1376.02,6.95
97974234,6.073578,45.131186,1370.07,1373.28,3.21
97974234,6.074031,45.131544,1375.54,1372.5,-3.04
97974234,6.074695,45.13181,1384.19,1376.11,-8.08
97974234,6.075229,45.132192,1387.12,1381.34,-5.78
1371357751,6.02922,45.139862,1264.52,1271.05,6.53
1371357751,6.029316,45.140368,1268.56,1279.41,10.85
1371357751,6.029109,45.140886,1265.52,1276.33,10.81
1371357751,6.028655,45.141253,1273.5,1274.1,0.6
1371357751,6.028337,45.141731,1274.94,1277.14,2.2
1371357751,6.027983,45.142147,1278.6,1292.25,13.65
1371357751,6.027876,45.142508,1272.11,1282.7,10.59
165523290,6.094475,45.026594,1226.02,1240.21,14.19
165523290,6.094578,45.026189,1233.57,1240.16,6.59
165523290,6.094431,45.025672,1233.69,1235.96,2.27
165523290,6.09411,45.025218,1233.25,1243.72,10.47
165523290,6.093643,45.024793,1235.03,1238.42,3.39
165523290,6.0932,45.024388,1236.65,1240.85,4.2
165523290,6.093411,45.023951,1245.57,1249.69,4.12
517102012,6.03541,45.133542,947.34,949.45,2.11
517102012,6.034764,45.133786,953.82,960.62,6.8
517102012,6.034326,45.134279,967.51,968.98,1.47
517102012,6.033697,45.134568,968.59,968.14,-0.45
517102012,6.033227,45.134547,968.03,976.07,8.04
517102012,6.033853,45.134675,975.61,968.14,-7.47
517102012,6.034522,45.134417,977.79,973.37,-4.42
36939177,6.036388,45.128389,753.84,775.81,21.97
36939177,6.037078,45.12862,753.68,766.94,13.26
36939177,6.037666,45.128954,758.67,772.35,13.68
36939177,6.038237,45.129307,762.62,783.13,20.51
36939177,6.038812,45.129653,766.64,785.18,18.54
36939177,6.039392,45.129905,770.52,781.45,10.93
36939177,6.039909,45.130174,776.95,783.38,6.43
181437607,6.017925,45.07226,724.84,724.32,-0.52
181437607,6.018415,45.072216,723.8,723.74,-0.06
181437607,6.018554,45.071773,722.67,723.61,0.94
181437607,6.019161,45.071749,721.69,722.8,1.11
181437607,6.019914,45.071832,720.22,720.89,0.67
181437607,6.020657,45.071952,719.22,721.51,2.29
181437607,6.021393,45.072095,718.21,719.7,1.49
49894102,6.069148,45.022456,740.58,753.41,12.83
49894102,6.068857,45.021957,740.28,755.99,15.71
49894102,6.068643,45.021438,740.03,757.57,17.54
49894102,6.068219,45.021116,741.17,750.35,9.18
49894102,6.067507,45.020927,742.91,744.88,1.97
49894102,6.066953,45.020636,744.08,751.05,6.97
49894102,6.06666,45.020206,745.53,748.23,2.7
186907705,6.078463,45.052459,1569.42,1574.7,5.28
186907705,6.078386,45.052951,1570.01,1572.42,2.41
186907705,6.078387,45.053445,1572.19,1574.05,1.86
186907705,6.078424,45.053938,1575.51,1580.56,5.05
186907705,6.078685,45.054394,1575.54,1581.97,6.43
186907705,6.07886,45.054814,1574.11,1586.08,11.97
186907705,6.078714,45.055298,1583.94,1586.18,2.24
843544224,6.025832,45.062396,717.28,717.7,0.42
843544224,6.025711,45.062132,718.13,719.35,1.22
843544224,6.026055,45.06171,718.0,718.42,0.42
843544224,6.026444,45.061318,717.84,717.32,-0.52
843544224,6.02654,45.061024,718.36,718.78,0.42
843544224,6.026939,45.060512,718.15,720.38,2.23
843544224,6.027328,45.059996,718.09,718.31,0.22
735009544,6.028376,45.044146,794.08,801.91,7.83
735009544,6.028203,45.044617,788.42,800.86,12.44
735009544,6.028112,45.045102,783.0,791.71,8.71
735009544,6.027872,45.04551,777.84,791.92,14.08
735009544,6.02766,45.045976,772.26,788.76,16.5
735009544,6.027391,45.046432,766.78,785.08,18.3
735009544,6.027579,45.046799,762.23,773.23,11.0
678177346,6.027728,45.047014,759.58,775.03,15.45
678177346,6.027961,45.047474,754.17,760.01,5.84
678177346,6.027606,45.047899,747.9,756.5,8.6
678177346,6.027327,45.0484,740.78,751.92,11.14
678177346,6.027194,45.04888,735.34,756.18,20.84
678177346,6.027612,45.049257,729.92,729.16,-0.76
165394754,6.088532,45.02998,972.07,971.07,-1.0
165394754,6.088885,45.030301,959.54,953.45,-6.09
165394754,6.089476,45.030259,953.04,962.89,9.85
165394754,6.089894,45.030062,957.98,960.67,2.69
165394754,6.090259,45.030483,953.2,955.26,2.06
165394754,6.090268,45.031017,941.11,943.85,2.74
165394754,6.090698,45.03137,940.15,948.6,8.45
39184576,6.034689,45.130012,839.65,857.93,18.28
39184576,6.033872,45.130082,846.89,861.12,14.23
39184576,6.033728,45.130241,856.15,861.12,4.97
39184576,6.034407,45.130177,850.82,858.75,7.93
39184576,6.035011,45.130484,854.28,859.79,5.51
39184576,6.035565,45.13091,859.07,866.73,7.66
39184576,6.035514,45.131228,867.67,882.44,14.77
119453817,6.052758,45.140254,850.32,845.35,-4.97
119453817,6.052124,45.140439,854.22,860.39,6.17
119453817,6.051516,45.140199,853.27,856.29,3.02
119453817,6.05087,45.140208,855.51,858.36,2.85
119453817,6.050707,45.140609,860.38,855.74,-4.64
119453817,6.051224,45.140885,862.88,860.8,-2.08
1175159559,6.040769,45.044654,718.23,718.84,0.61
1175159559,6.040234,45.04427,717.96,718.99,1.03
1175159559,6.039723,45.043952,717.96,717.95,-0.01
1175159559,6.039401,45.044156,718.03,718.23,0.2
1175159559,6.038822,45.043895,717.83,717.7,-0.13
1175159559,6.038196,45.043589,717.64,718.6,0.96
1175159559,6.037604,45.04348,717.51,721.2,3.69
167302508,6.063777,45.067716,1455.54,1458.78,3.24
167302508,6.063019,45.067742,1442.17,1453.09,10.92
167302508,6.062286,45.067729,1438.12,1442.43,4.31
167302508,6.061616,45.067759,1431.67,1439.88,8.21
167302508,6.061009,45.068077,1426.48,1428.76,2.28
167302508,6.060539,45.068192,1430.72,1434.56,3.84
760412725,6.092504,45.046663,1176.46,1179.13,2.67
760412725,6.093013,45.047001,1183.72,1188.9,5.18
760412725,6.09348,45.047368,1184.6,1193.03,8.43
760412725,6.094078,45.047616,1185.16,1199.5,14.34
760412725,6.094752,45.047743,1184.56,1188.05,3.49
760412725,6.09543,45.047862,1185.78,1204.72,18.94
113369986,6.040822,45.056212,721.9,722.52,0.62
113369986,6.04145,45.056428,718.84,721.85,3.01
113369986,6.042078,45.056645,718.39,721.66,3.27
113369986,6.042722,45.056731,718.11,719.97,1.86
113369986,6.042779,45.057133,718.03,720.63,2.6
113369986,6.042516,45.057589,718.11,718.99,0.88
113369986,6.042169,45.058019,718.03,719.05,1.02
49210503,6.029265,45.065028,721.05,719.79,-1.26
49210503,6.029895,45.064975,723.42,720.83,-2.59
49210503,6.030493,45.064825,722.4,720.34,-2.06
49210503,6.031035,45.064593,720.86,719.65,-1.21
49210503,6.031497,45.064285,719.17,718.38,-0.79
49210503,6.031865,45.063919,717.96,717.65,-0.31
49210503,6.032166,45.063523,717.84,719.45,1.61
1054888435,6.053517,45.070028,979.58,994.12,14.54
1054888435,6.053151,45.070282,986.11,1005.32,19.21
1054888435,6.052472,45.070366,980.33,994.26,13.93
1054888435,6.051818,45.07053,979.23,983.48,4.25
1054888435,6.051126,45.070564,973.13,1001.13,28.0
1054888435,6.050439,45.070633,975.43,1001.65,26.22
1054888435,6.049798,45.070481,969.81,977.77,7.96
1379283259,6.04725,45.045983,718.41,721.71,3.3
1379283259,6.046958,45.046297,718.19,721.6,3.41
1379283259,6.046416,45.046608,718.16,721.61,3.45
1379283259,6.045855,45.046796,718.03,721.92,3.89
1379283259,6.04522,45.04692,718.29,720.89,2.6
1379283259,6.044739,45.047254,718.34,721.09,2.75
1379283259,6.044263,45.047617,718.34,719.16,0.82
1093023447,6.126607,45.041804,953.37,956.07,2.7
1093023447,6.126822,45.042228,948.37,951.63,3.26
1093023447,6.12711,45.042629,948.15,954.49,6.34
1093023447,6.127276,45.043061,949.49,947.49,-2.0
1093023447,6.12737,45.043507,947.86,945.41,-2.45
1093023447,6.127458,45.043952,945.91,942.97,-2.94
1093023447,6.127441,45.044402,942.34,940.71,-1.63
49158672,6.125885,45.048592,956.72,966.67,9.95
49158672,6.126085,45.048084,946.58,963.88,17.3
49158672,6.126001,45.047562,940.83,955.93,15.1
49158672,6.125761,45.047285,937.01,956.31,19.3
49158672,6.126413,45.047259,930.9,940.56,9.66
49158672,6.127004,45.047141,927.06,931.47,4.41
232351560,6.083196,45.158375,1223.5,1231.48,7.98
232351560,6.082962,45.157975,1212.9,1223.34,10.44
232351560,6.082386,45.157804,1214.39,1220.71,6.32
232351560,6.081843,45.157871,1213.86,1220.34,6.48
232351560,6.081164,45.157772,1213.14,1217.45,4.31
232351560,6.080724,45.157456,1208.63,1214.6,5.97
232351560,6.080202,45.157219,1204.39,1207.19,2.8
1246895764,6.097948,45.033663,1248.52,1241.41,-7.11
1246895764,6.098638,45.033611,1249.27,1246.1,-3.17
1246895764,6.09921,45.033422,1252.22,1251.96,-0.26
1246895764,6.099828,45.033398,1256.02,1251.58,-4.44
1246895764,6.100372,45.033603,1252.26,1258.54,6.28
1246895764,6.100811,45.033734,1249.77,1250.2,0.43
1246895764,6.101127,45.033361,1256.1,1260.46,4.36
1054770660,6.082219,45.089493,1852.53,1856.58,4.05
1054770660,6.082819,45.08943,1850.54,1852.07,1.53
1054770660,6.083484,45.08937,1849.39,1851.67,2.28
1054770660,6.083148,45.089242,1846.35,1852.14,5.79
1054770660,6.082449,45.089229,1845.95,1852.83,6.88
1054770660,6.081752,45.089261,1843.97,1849.89,5.92
1054770660,6.081248,45.089423,1843.12,1850.41,7.29
358680401,6.045946,45.128281,778.28,774.38,-3.9
358680401,6.046416,45.128585,776.03,779.91,3.88
358680401,6.046886,45.128888,778.3,770.53,-7.77
358680401,6.047356,45.129191,778.12,767.21,-10.91
358680401,6.047742,45.129491,774.58,764.0,-10.58
358680401,6.0479,45.129923,768.0,764.0,-4.0
358680401,6.048036,45.130362,768.0,764.0,-4.0
333453340,6.059858,45.083161,1537.31,1547.72,10.41
333453340,6.059136,45.083189,1533.23,1538.94,5.71
333453340,6.058595,45.083489,1530.94,1531.44,0.5
333453340,6.058371,45.084002,1532.91,1540.91,8.0
333453340,6.058309,45.084336,1536.29,1540.1,3.81
333453340,6.0587,45.084105,1540.19,1545.01,4.82
333453340,6.058735,45.084379,1544.6,1547.27,2.67
132663429,6.026652,45.054392,744.5,748.0,3.5
132663429,6.026873,45.053976,748.03,748.91,0.88
132663429,6.026899,45.053518,750.94,754.52,3.58
132663429,6.026571,45.053511,752.55,756.61,4.06
132663429,6.02617,45.053916,755.6,754.13,-1.47
132663429,6.025576,45.054019,759.36,757.57,-1.79
132663429,6.024918,45.054182,763.17,770.47,7.3
181413040,6.069175,45.031143,736.35,734.04,-2.31
181413040,6.069364,45.030667,734.08,733.91,-0.17
181413040,6.069213,45.03038,733.34,735.69,2.35
181413040,6.068797,45.030433,732.83,734.56,1.73
181413040,6.068418,45.030849,732.23,732.98,0.75
181413040,6.068009,45.03125,731.88,733.06,1.18
181413040,6.06758,45.031641,731.19,734.24,3.05
1529742813,6.081496,45.04111,1343.78,1344.06,0.28
1529742813,6.081962,45.041415,1346.49,1365.82,19.33
1529742813,6.082472,45.041683,1346.09,1375.45,29.36
1529742813,6.082908,45.041857,1344.76,1365.74,20.98
1529742813,6.083371,45.042163,1347.08,1366.15,19.07
1529742813,6.083829,45.042475,1347.76,1366.27,18.51
1529742813,6.084296,45.042779,1347.4,1364.88,17.48
49164999,6.079547,45.055559,1583.54,1594.32,10.78
49164999,6.079093,45.055866,1587.69,1593.85,6.16
49164999,6.078662,45.056252,1591.84,1595.39,3.55
49164999,6.078248,45.056648,1597.1,1599.7,2.6
49164999,6.077633,45.056876,1599.68,1603.14,3.46
49164999,6.077054,45.057052,1600.77,1607.47,6.7
49164999,6.07706,45.057324,1608.35,1614.88,6.53
517105328,6.036708,45.123558,795.79,796.41,0.62
517105328,6.036206,45.123282,792.03,793.67,1.64
517105328,6.035778,45.122953,788.25,784.26,-3.99
517105328,6.035303,45.122654,784.61,783.23,-1.38
517105328,6.034896,45.122369,781.15,776.74,-4.41
517105328,6.034784,45.121931,777.28,787.51,10.23
517105328,6.034948,45.121499,774.59,778.77,4.18
853463754,6.093273,45.036298,945.76,949.31,3.55
853463754,6.092899,45.036585,949.31,951.88,2.57
853463754,6.09234,45.036798,953.73,958.52,4.79
853463754,6.091893,45.037113,958.73,956.62,-2.11
853463754,6.091561,45.037496,957.07,947.1,-9.97
853463754,6.091597,45.037884,957.91,935.12,-22.79
853463754,6.092061,45.038184,967.25,958.89,-8.36
40188689,6.066727,45.10331,1909.63,1910.41,0.78
40188689,6.067003,45.103572,1909.75,1911.09,1.34
40188689,6.06721,45.103987,1909.3,1917.52,8.22
40188689,6.067723,45.10425,1907.39,1914.76,7.37
40188689,6.0683,45.104425,1904.02,1906.9,2.88
40188689,6.068926,45.104358,1901.48,1904.81,3.33
40188689,6.069556,45.104311,1898.18,1902.43,4.25
404715676,6.04714,45.069875,969.14,980.02,10.88
404715676,6.0466,45.069645,968.92,977.84,8.92
404715676,6.046253,45.069269,965.7,979.26,13.56
404715676,6.045986,45.06886,965.86,975.7,9.84
404715676,6.045627,45.068497,968.37,977.14,8.77
404715676,6.045128,45.068219,976.19,980.22,4.03
404715676,6.044874,45.067817,976.45,983.54,7.09
281000479,6.04212,45.138887,820.05,818.6,-1.45
281000479,6.042014,45.139293,838.47,849.11,10.64
281000479,6.042497,45.139519,838.38,866.86,28.48
281000479,6.042875,45.139794,839.17,857.21,18.04
281000479,6.043077,45.140216,841.54,842.58,1.04
281000479,6.043269,45.14069,844.86,860.42,15.56
281000479,6.043182,45.141104,850.47,859.87,9.4
464565399,6.137613,45.038907,1052.57,1061.46,8.89
464565399,6.137198,45.039049,1048.74,1072.25,23.51
464565399,6.136956,45.039412,1042.21,1066.1,23.89
464565399,6.136627,45.039731,1051.41,1077.93,26.52
464565399,6.136585,45.040221,1047.86,1076.14,28.28
464565399,6.136723,45.040704,1043.39,1062.44,19.05
464565399,6.136676,45.04109,1048.7,1064.53,15.83
98609516,6.06666,45.020206,745.53,748.23,2.7
98609516,6.066031,45.020147,741.0,748.19,7.19
98609516,6.065484,45.020355,740.21,745.72,5.51
98609516,6.065267,45.02072,739.85,743.53,3.68
