label,attempt,outcome,method,url,status,redirected,final_url,content_type,response_bytes,response_sha256,elapsed_s
ign-service-root,1,ok,GET,https://data.geopf.fr/altimetrie/,200,False,https://data.geopf.fr/altimetrie/,application/json,70,0651272f905de5f256ba7b121b908a816844a2ef9ca8cd089f239b73b5c5a27c,0.25
ign-resource-index,1,ok,GET,https://data.geopf.fr/altimetrie/resources,200,False,https://data.geopf.fr/altimetrie/resources,application/json,3249,402454ae5fe1d457e0bba8e7d80bc64f50d05765c10c9c0b23fb7afef571c23d,0.25
ign-resource-primary,1,ok,GET,https://data.geopf.fr/altimetrie/resources/ign_rge_alti_par_territoires,200,False,https://data.geopf.fr/altimetrie/resources/ign_rge_alti_par_territoires,application/json,62976,b514f703660a8a8df43340f01dfdf376c163a457cbc7d9beb63886430a5fe571,0.235
ign-resource-control,1,ok,GET,https://data.geopf.fr/altimetrie/resources/ign_rge_alti_wld,200,False,https://data.geopf.fr/altimetrie/resources/ign_rge_alti_wld,application/json,913,31f98361f093bd0a227e8f51cb381761bd5aa92b27f13a346662d0bb5f234907,0.187
overpass-status,1,ok,GET,https://overpass-api.de/api/status,200,False,https://overpass-api.de/api/status,text/plain; charset=utf-8,210,9f28fb8e16090a32bc9690b10703fa9d6915b209a7b120601aef735f22708f3e,0.313
overpass-interpreter,1,transient,POST,https://overpass-api.de/api/interpreter,504,False,https://overpass-api.de/api/interpreter,text/html; charset=utf-8,695,9e8d149c02b9ab7719f9e6cfdf696730c39abead6f27e39eb13793b7d2adbb82,7.75
overpass-interpreter,2,transient,POST,https://overpass-api.de/api/interpreter,504,False,https://overpass-api.de/api/interpreter,text/html; charset=utf-8,695,9e8d149c02b9ab7719f9e6cfdf696730c39abead6f27e39eb13793b7d2adbb82,8.578
overpass-interpreter,3,ok,POST,https://overpass-api.de/api/interpreter,200,False,https://overpass-api.de/api/interpreter,application/json,7631277,6315ac69f15245324487448a396e8f780e16c09740afda1bb8b9a9de85bdcbcc,4.75
altimetry:ign_rge_alti_par_territoires,1,ok,GET,https://data.geopf.fr/altimetrie/1.0/calcul/alti/rest/elevation.json?lon=6.0590081%7C6.0589830%7C6.0589580%7C6.0589329%7C6.0589079%7C6.0588828%7C6.0588578%7C6.0588329%7C6.0588084%7C6.0587840%7C6.0587595%7C6.0587351%7C6.0587106%7C6.0586862%7C6.0586617%7C6.0586373%7C6.0586128%7C6.0585901%7C6.058567...,200,False,https://data.geopf.fr/altimetrie/1.0/calcul/alti/rest/elevation.json?lon=6.0590081%7C6.0589830%7C6.0589580%7C6.0589329%7C6.0589079%7C6.0588828%7C6.0588578%7C6.0588329%7C6.0588084%7C6.0587840%7C6.0587595%7C6.0587351%7C6.0587106%7C6.0586862%7C6.0586617%7C6.0586373%7C6.0586128%7C6.0585901%7C6.058567...,application/json,1797,864c2f481427f4d4b24a0ccb418440a4f4340eaea4aee0201838b8590b433024,0.359
altimetry:ign_rge_alti_par_territoires,1,ok,GET,https://data.geopf.fr/altimetrie/1.0/calcul/alti/rest/elevation.json?lon=6.0586497%7C6.0586745%7C6.0586948%7C6.0587151%7C6.0587397%7C6.0587642%7C6.0587888%7C6.0588134%7C6.0588379%7C6.0588625%7C6.0588870%7C6.0589116%7C6.0589362%7C6.0589607%7C6.0589853%7C6.0590099%7C6.0590345%7C6.0590591%7C6.059083...,200,False,https://data.geopf.fr/altimetrie/1.0/calcul/alti/rest/elevation.json?lon=6.0586497%7C6.0586745%7C6.0586948%7C6.0587151%7C6.0587397%7C6.0587642%7C6.0587888%7C6.0588134%7C6.0588379%7C6.0588625%7C6.0588870%7C6.0589116%7C6.0589362%7C6.0589607%7C6.0589853%7C6.0590099%7C6.0590345%7C6.0590591%7C6.059083...,application/json,418,505fde9032838b31797d14ae324215d357d1c04771d5573bb69f9313d9a95b72,0.282
altimetry:ign_rge_alti_par_territoires,1,ok,GET,https://data.geopf.fr/altimetrie/1.0/calcul/alti/rest/elevation.json?lon=6.0590081%7C6.0589454%7C6.0588828%7C6.0588329%7C6.0587779%7C6.0587228%7C6.0586678%7C6.0586128%7C6.0585674%7C6.0585221%7C6.0584767%7C6.0584322%7C6.0583877%7C6.0583432%7C6.0582987%7C6.0582598%7C6.0582208%7C6.0581819%7C6.058141...,200,False,https://data.geopf.fr/altimetrie/1.0/calcul/alti/rest/elevation.json?lon=6.0590081%7C6.0589454%7C6.0588828%7C6.0588329%7C6.0587779%7C6.0587228%7C6.0586678%7C6.0586128%7C6.0585674%7C6.0585221%7C6.0584767%7C6.0584322%7C6.0583877%7C6.0583432%7C6.0582987%7C6.0582598%7C6.0582208%7C6.0581819%7C6.058141...,application/json,999,48e9fab7d86925e05ed51062b3b9a8d522b7060bbb82b473d5d3c0965c3b4193,0.625
altimetry:ign_rge_alti_par_territoires,1,ok,GET,https://data.geopf.fr/altimetrie/1.0/calcul/alti/rest/elevation.json?lon=6.0590081%7C6.0588828%7C6.0588329%7C6.0587228%7C6.0586128%7C6.0585447%7C6.0584767%7C6.0583877%7C6.0582987%7C6.0582403%7C6.0581819%7C6.0581208%7C6.0580598%7C6.0579988%7C6.0579379%7C6.0578737%7C6.0578223%7C6.0577708%7C6.057719...,200,False,https://data.geopf.fr/altimetrie/1.0/calcul/alti/rest/elevation.json?lon=6.0590081%7C6.0588828%7C6.0588329%7C6.0587228%7C6.0586128%7C6.0585447%7C6.0584767%7C6.0583877%7C6.0582987%7C6.0582403%7C6.0581819%7C6.0581208%7C6.0580598%7C6.0579988%7C6.0579379%7C6.0578737%7C6.0578223%7C6.0577708%7C6.057719...,application/json,607,1648998e13bf48844436032146643d27973165c9dbaab22d654fdd4c680e5f97,0.313
altimetry:ign_rge_alti_wld,1,ok,GET,https://data.geopf.fr/altimetrie/1.0/calcul/alti/rest/elevation.json?lon=6.0590081%7C6.0588828%7C6.0588329%7C6.0587228%7C6.0586128%7C6.0585447%7C6.0584767%7C6.0583877%7C6.0582987%7C6.0582403%7C6.0581819%7C6.0581208%7C6.0580598%7C6.0579988%7C6.0579379%7C6.0578737%7C6.0578223%7C6.0577708%7C6.057719...,200,False,https://data.geopf.fr/altimetrie/1.0/calcul/alti/rest/elevation.json?lon=6.0590081%7C6.0588828%7C6.0588329%7C6.0587228%7C6.0586128%7C6.0585447%7C6.0584767%7C6.0583877%7C6.0582987%7C6.0582403%7C6.0581819%7C6.0581208%7C6.0580598%7C6.0579988%7C6.0579379%7C6.0578737%7C6.0578223%7C6.0577708%7C6.057719...,application/json,606,e7c41cf25b47b55e73e3701be4e54c60bb837cddc1ba36914c8132e1d259f35e,0.39
altimetry:ign_rge_alti_par_territoires,1,ok,GET,https://data.geopf.fr/altimetrie/1.0/calcul/alti/rest/elevation.json?lon=6.0590081%7C6.0588828%7C6.0588329%7C6.0586128%7C6.0584767%7C6.0582987%7C6.0581819%7C6.0580598%7C6.0579379%7C6.0578737%7C6.0577965%7C6.0577194%7C6.0576839%7C6.0576517%7C6.0576088%7C6.0575605%7C6.0575310%7C6.0575042%7C6.057480...,200,False,https://data.geopf.fr/altimetrie/1.0/calcul/alti/rest/elevation.json?lon=6.0590081%7C6.0588828%7C6.0588329%7C6.0586128%7C6.0584767%7C6.0582987%7C6.0581819%7C6.0580598%7C6.0579379%7C6.0578737%7C6.0577965%7C6.0577194%7C6.0576839%7C6.0576517%7C6.0576088%7C6.0575605%7C6.0575310%7C6.0575042%7C6.057480...,application/json,426,60479d3548b35373e3a47cbe033ddae028a57094752122bcc1e6779b1229c25f,0.422
altimetry:ign_rge_alti_par_territoires,1,ok,GET,https://data.geopf.fr/altimetrie/1.0/calcul/alti/rest/elevation.json?lon=6.0347371%7C6.0347178%7C6.0346985%7C6.0346792%7C6.0346599%7C6.0346406%7C6.0346213%7C6.0346020%7C6.0345827%7C6.0345634%7C6.0345441%7C6.0345248%7C6.0345055%7C6.0344862%7C6.0344669%7C6.0344476%7C6.0344283%7C6.0344090%7C6.034389...,200,False,https://data.geopf.fr/altimetrie/1.0/calcul/alti/rest/elevation.json?lon=6.0347371%7C6.0347178%7C6.0346985%7C6.0346792%7C6.0346599%7C6.0346406%7C6.0346213%7C6.0346020%7C6.0345827%7C6.0345634%7C6.0345441%7C6.0345248%7C6.0345055%7C6.0344862%7C6.0344669%7C6.0344476%7C6.0344283%7C6.0344090%7C6.034389...,application/json,1591,579c42b72c137dc62cf96db8c51db2381b101ff486aff526e9fe67a943beff79,0.657
altimetry:ign_rge_alti_par_territoires,1,ok,GET,https://data.geopf.fr/altimetrie/1.0/calcul/alti/rest/elevation.json?lon=6.0314295%7C6.0314074%7C6.0313854%7C6.0313633%7C6.0313413%7C6.0313192%7C6.0312970%7C6.0312749%7C6.0312527%7C6.0312305%7C6.0312083%7C6.0311862%7C6.0311640%7C6.0311418%7C6.0311197%7C6.0310975%7C6.0310753%7C6.0310532%7C6.031031...,200,False,https://data.geopf.fr/altimetrie/1.0/calcul/alti/rest/elevation.json?lon=6.0314295%7C6.0314074%7C6.0313854%7C6.0313633%7C6.0313413%7C6.0313192%7C6.0312970%7C6.0312749%7C6.0312527%7C6.0312305%7C6.0312083%7C6.0311862%7C6.0311640%7C6.0311418%7C6.0311197%7C6.0310975%7C6.0310753%7C6.0310532%7C6.031031...,application/json,488,2c3de22cef4979a3962c3f8fc3742317619bf09f6995946c57c9e00d31cdea55,0.328
altimetry:ign_rge_alti_par_territoires,1,ok,GET,https://data.geopf.fr/altimetrie/1.0/calcul/alti/rest/elevation.json?lon=6.0347371%7C6.0346921%7C6.0346470%7C6.0346020%7C6.0345570%7C6.0345119%7C6.0344669%7C6.0344219%7C6.0343768%7C6.0343318%7C6.0342937%7C6.0342557%7C6.0342150%7C6.0341743%7C6.0341337%7C6.0340930%7C6.0340523%7C6.0340117%7C6.033971...,200,False,https://data.geopf.fr/altimetrie/1.0/calcul/alti/rest/elevation.json?lon=6.0347371%7C6.0346921%7C6.0346470%7C6.0346020%7C6.0345570%7C6.0345119%7C6.0344669%7C6.0344219%7C6.0343768%7C6.0343318%7C6.0342937%7C6.0342557%7C6.0342150%7C6.0341743%7C6.0341337%7C6.0340930%7C6.0340523%7C6.0340117%7C6.033971...,application/json,880,25ed5cc2e4a96c97b40b713fe35d6a8dd1df20b126897db58426458b2ff452c5,0.703
altimetry:ign_rge_alti_par_territoires,1,ok,GET,https://data.geopf.fr/altimetrie/1.0/calcul/alti/rest/elevation.json?lon=6.0347371%7C6.0346560%7C6.0345750%7C6.0344939%7C6.0344129%7C6.0343318%7C6.0342557%7C6.0341743%7C6.0340930%7C6.0340117%7C6.0339303%7C6.0338490%7C6.0337676%7C6.0337176%7C6.0336438%7C6.0335700%7C6.0334963%7C6.0334225%7C6.033348...,200,False,https://data.geopf.fr/altimetrie/1.0/calcul/alti/rest/elevation.json?lon=6.0347371%7C6.0346560%7C6.0345750%7C6.0344939%7C6.0344129%7C6.0343318%7C6.0342557%7C6.0341743%7C6.0340930%7C6.0340117%7C6.0339303%7C6.0338490%7C6.0337676%7C6.0337176%7C6.0336438%7C6.0335700%7C6.0334963%7C6.0334225%7C6.033348...,application/json,493,78be2723a2af7296541c2f8da767b36adf41dc084e5aaea481a80523519de541,0.5
altimetry:ign_rge_alti_wld,1,ok,GET,https://data.geopf.fr/altimetrie/1.0/calcul/alti/rest/elevation.json?lon=6.0347371%7C6.0346560%7C6.0345750%7C6.0344939%7C6.0344129%7C6.0343318%7C6.0342557%7C6.0341743%7C6.0340930%7C6.0340117%7C6.0339303%7C6.0338490%7C6.0337676%7C6.0337176%7C6.0336438%7C6.0335700%7C6.0334963%7C6.0334225%7C6.033348...,200,False,https://data.geopf.fr/altimetrie/1.0/calcul/alti/rest/elevation.json?lon=6.0347371%7C6.0346560%7C6.0345750%7C6.0344939%7C6.0344129%7C6.0343318%7C6.0342557%7C6.0341743%7C6.0340930%7C6.0340117%7C6.0339303%7C6.0338490%7C6.0337676%7C6.0337176%7C6.0336438%7C6.0335700%7C6.0334963%7C6.0334225%7C6.033348...,application/json,489,3da49b7e459b86ec153916165c25b3cb9f7fd59d7692a4ebcf4eef7cba905017,0.453
altimetry:ign_rge_alti_par_territoires,1,ok,GET,https://data.geopf.fr/altimetrie/1.0/calcul/alti/rest/elevation.json?lon=6.0347371%7C6.0345345%7C6.0343318%7C6.0342557%7C6.0340930%7C6.0339303%7C6.0337676%7C6.0337176%7C6.0335332%7C6.0333487%7C6.0331516%7C6.0329545%7C6.0328264%7C6.0327203%7C6.0326143%7C6.0324868%7C6.0323594%7C6.0322607%7C6.032125...,200,False,https://data.geopf.fr/altimetrie/1.0/calcul/alti/rest/elevation.json?lon=6.0347371%7C6.0345345%7C6.0343318%7C6.0342557%7C6.0340930%7C6.0339303%7C6.0337676%7C6.0337176%7C6.0335332%7C6.0333487%7C6.0331516%7C6.0329545%7C6.0328264%7C6.0327203%7C6.0326143%7C6.0324868%7C6.0323594%7C6.0322607%7C6.032125...,application/json,263,e72632f8347ea06df4d386d21c0a3ab3cc2af0af20f45be08a33936ebf5cb985,0.453
altimetry:ign_rge_alti_par_territoires,1,ok,GET,https://data.geopf.fr/altimetrie/1.0/calcul/alti/rest/elevation.json?lon=6.0804621%7C6.0804826%7C6.0805031%7C6.0805236%7C6.0805441%7C6.0805646%7C6.0805868%7C6.0806089%7C6.0806311%7C6.0806532%7C6.0806746%7C6.0806959%7C6.0807173%7C6.0807386%7C6.0807607%7C6.0807827%7C6.0808048%7C6.0808238%7C6.080842...,200,False,https://data.geopf.fr/altimetrie/1.0/calcul/alti/rest/elevation.json?lon=6.0804621%7C6.0804826%7C6.0805031%7C6.0805236%7C6.0805441%7C6.0805646%7C6.0805868%7C6.0806089%7C6.0806311%7C6.0806532%7C6.0806746%7C6.0806959%7C6.0807173%7C6.0807386%7C6.0807607%7C6.0807827%7C6.0808048%7C6.0808238%7C6.080842...,application/json,1658,2c7c46952c5a0d0ce9bda8dd115a0ad51b4d2f1a1c07385b1435894200df2dc1,0.453
altimetry:ign_rge_alti_par_territoires,1,ok,GET,https://data.geopf.fr/altimetrie/1.0/calcul/alti/rest/elevation.json?lon=6.0804621%7C6.0805134%7C6.0805646%7C6.0806089%7C6.0806532%7C6.0806959%7C6.0807386%7C6.0807717%7C6.0808048%7C6.0808332%7C6.0808617%7C6.0809035%7C6.0809452%7C6.0809884%7C6.0810315%7C6.0810703%7C6.0811091%7C6.0811480%7C6.081186...,200,False,https://data.geopf.fr/altimetrie/1.0/calcul/alti/rest/elevation.json?lon=6.0804621%7C6.0805134%7C6.0805646%7C6.0806089%7C6.0806532%7C6.0806959%7C6.0807386%7C6.0807717%7C6.0808048%7C6.0808332%7C6.0808617%7C6.0809035%7C6.0809452%7C6.0809884%7C6.0810315%7C6.0810703%7C6.0811091%7C6.0811480%7C6.081186...,application/json,752,58843bf434f8df98fbc17a8689c6da33178ebf61681664f61a238a1dbc6638d1,0.359
altimetry:ign_rge_alti_par_territoires,1,ok,GET,https://data.geopf.fr/altimetrie/1.0/calcul/alti/rest/elevation.json?lon=6.0804621%7C6.0805646%7C6.0806532%7C6.0807386%7C6.0808048%7C6.0808617%7C6.0809452%7C6.0810315%7C6.0811091%7C6.0811868%7C6.0812460%7C6.0813053%7C6.0813645%7C6.0814409%7C6.0815307%7C6.0816079%7C6.0817105%7C6.0817745%7C6.081838...,200,False,https://data.geopf.fr/altimetrie/1.0/calcul/alti/rest/elevation.json?lon=6.0804621%7C6.0805646%7C6.0806532%7C6.0807386%7C6.0808048%7C6.0808617%7C6.0809452%7C6.0810315%7C6.0811091%7C6.0811868%7C6.0812460%7C6.0813053%7C6.0813645%7C6.0814409%7C6.0815307%7C6.0816079%7C6.0817105%7C6.0817745%7C6.081838...,application/json,416,b0962e57437d3f392648838ddce730c230bc231688a5cd6ada294b0ae0a3d3a6,0.406
altimetry:ign_rge_alti_wld,1,ok,GET,https://data.geopf.fr/altimetrie/1.0/calcul/alti/rest/elevation.json?lon=6.0804621%7C6.0805646%7C6.0806532%7C6.0807386%7C6.0808048%7C6.0808617%7C6.0809452%7C6.0810315%7C6.0811091%7C6.0811868%7C6.0812460%7C6.0813053%7C6.0813645%7C6.0814409%7C6.0815307%7C6.0816079%7C6.0817105%7C6.0817745%7C6.081838...,200,False,https://data.geopf.fr/altimetrie/1.0/calcul/alti/rest/elevation.json?lon=6.0804621%7C6.0805646%7C6.0806532%7C6.0807386%7C6.0808048%7C6.0808617%7C6.0809452%7C6.0810315%7C6.0811091%7C6.0811868%7C6.0812460%7C6.0813053%7C6.0813645%7C6.0814409%7C6.0815307%7C6.0816079%7C6.0817105%7C6.0817745%7C6.081838...,application/json,420,8d3537cac7902cf8badb055859c0f8d1793d8b1a0922aa4dd249142a8b624c2d,0.36
altimetry:ign_rge_alti_par_territoires,1,ok,GET,https://data.geopf.fr/altimetrie/1.0/calcul/alti/rest/elevation.json?lon=6.0804621%7C6.0805646%7C6.0806532%7C6.0807386%7C6.0808048%7C6.0808617%7C6.0809452%7C6.0810315%7C6.0811868%7C6.0812757%7C6.0813645%7C6.0814409%7C6.0815307%7C6.0816079%7C6.0817105%7C6.0818385%7C6.0819934%7C6.0821208%7C6.082218...,200,False,https://data.geopf.fr/altimetrie/1.0/calcul/alti/rest/elevation.json?lon=6.0804621%7C6.0805646%7C6.0806532%7C6.0807386%7C6.0808048%7C6.0808617%7C6.0809452%7C6.0810315%7C6.0811868%7C6.0812757%7C6.0813645%7C6.0814409%7C6.0815307%7C6.0816079%7C6.0817105%7C6.0818385%7C6.0819934%7C6.0821208%7C6.082218...,application/json,272,a3af6c4e5a4b42d477a525c44d9f7e70bfc84e5eb95f31a4b77aa3a8f5174d61,0.422
altimetry:ign_rge_alti_par_territoires,1,ok,GET,https://data.geopf.fr/altimetrie/1.0/calcul/alti/rest/elevation.json?lon=6.0692077%7C6.0691966%7C6.0691855%7C6.0691653%7C6.0691451%7C6.0691277%7C6.0691103%7C6.0690930%7C6.0690756%7C6.0690516%7C6.0690277%7C6.0690037%7C6.0689798%7C6.0689558%7C6.0689319%7C6.0689079%7C6.0688839%7C6.0688600%7C6.068836...,200,False,https://data.geopf.fr/altimetrie/1.0/calcul/alti/rest/elevation.json?lon=6.0692077%7C6.0691966%7C6.0691855%7C6.0691653%7C6.0691451%7C6.0691277%7C6.0691103%7C6.0690930%7C6.0690756%7C6.0690516%7C6.0690277%7C6.0690037%7C6.0689798%7C6.0689558%7C6.0689319%7C6.0689079%7C6.0688839%7C6.0688600%7C6.068836...,application/json,1436,2d7b479de032c6907569c0aac1441c06616f8f54353918df31085cb7d4dce0c4,0.36
altimetry:ign_rge_alti_par_territoires,1,ok,GET,https://data.geopf.fr/altimetrie/1.0/calcul/alti/rest/elevation.json?lon=6.0692077%7C6.0691855%7C6.0691451%7C6.0691103%7C6.0690756%7C6.0690187%7C6.0689618%7C6.0689049%7C6.0688480%7C6.0687911%7C6.0687342%7C6.0686773%7C6.0686204%7C6.0685658%7C6.0685112%7C6.0684566%7C6.0684019%7C6.0683472%7C6.068295...,200,False,https://data.geopf.fr/altimetrie/1.0/calcul/alti/rest/elevation.json?lon=6.0692077%7C6.0691855%7C6.0691451%7C6.0691103%7C6.0690756%7C6.0690187%7C6.0689618%7C6.0689049%7C6.0688480%7C6.0687911%7C6.0687342%7C6.0686773%7C6.0686204%7C6.0685658%7C6.0685112%7C6.0684566%7C6.0684019%7C6.0683472%7C6.068295...,application/json,642,12c1af71dd81270564214513db664976ede78b970445da57135379737b7b5897,0.5
altimetry:ign_rge_alti_par_territoires,1,ok,GET,https://data.geopf.fr/altimetrie/1.0/calcul/alti/rest/elevation.json?lon=6.0692077%7C6.0691855%7C6.0691451%7C6.0690756%7C6.0689618%7C6.0688480%7C6.0687342%7C6.0686204%7C6.0685385%7C6.0684566%7C6.0683472%7C6.0682439%7C6.0681406%7C6.0680159%7C6.0679515%7C6.0678871%7C6.0678128%7C6.0677303%7C6.067647...,200,False,https://data.geopf.fr/altimetrie/1.0/calcul/alti/rest/elevation.json?lon=6.0692077%7C6.0691855%7C6.0691451%7C6.0690756%7C6.0689618%7C6.0688480%7C6.0687342%7C6.0686204%7C6.0685385%7C6.0684566%7C6.0683472%7C6.0682439%7C6.0681406%7C6.0680159%7C6.0679515%7C6.0678871%7C6.0678128%7C6.0677303%7C6.067647...,application/json,393,2dcc5b2be43615e1bfb36fbb4157b08b62b90cf71f9934a526fc78f4ba887cca,0.406
altimetry:ign_rge_alti_wld,1,ok,GET,https://data.geopf.fr/altimetrie/1.0/calcul/alti/rest/elevation.json?lon=6.0692077%7C6.0691855%7C6.0691451%7C6.0690756%7C6.0689618%7C6.0688480%7C6.0687342%7C6.0686204%7C6.0685385%7C6.0684566%7C6.0683472%7C6.0682439%7C6.0681406%7C6.0680159%7C6.0679515%7C6.0678871%7C6.0678128%7C6.0677303%7C6.067647...,200,False,https://data.geopf.fr/altimetrie/1.0/calcul/alti/rest/elevation.json?lon=6.0692077%7C6.0691855%7C6.0691451%7C6.0690756%7C6.0689618%7C6.0688480%7C6.0687342%7C6.0686204%7C6.0685385%7C6.0684566%7C6.0683472%7C6.0682439%7C6.0681406%7C6.0680159%7C6.0679515%7C6.0678871%7C6.0678128%7C6.0677303%7C6.067647...,application/json,393,cdbbecd9a19ee937ea4008bd061e3c2cd73c7473585484ce8422004e5bb5b702,0.625
altimetry:ign_rge_alti_par_territoires,1,ok,GET,https://data.geopf.fr/altimetrie/1.0/calcul/alti/rest/elevation.json?lon=6.0692077%7C6.0691855%7C6.0691451%7C6.0690756%7C6.0688480%7C6.0686204%7C6.0684566%7C6.0683472%7C6.0681406%7C6.0680159%7C6.0678871%7C6.0678128%7C6.0675653%7C6.0673978%7C6.0672375%7C6.0670866%7C6.0669296%7C6.0667726%7C6.066606...,200,False,https://data.geopf.fr/altimetrie/1.0/calcul/alti/rest/elevation.json?lon=6.0692077%7C6.0691855%7C6.0691451%7C6.0690756%7C6.0688480%7C6.0686204%7C6.0684566%7C6.0683472%7C6.0681406%7C6.0680159%7C6.0678871%7C6.0678128%7C6.0675653%7C6.0673978%7C6.0672375%7C6.0670866%7C6.0669296%7C6.0667726%7C6.066606...,application/json,257,98468261eade8e8a7d3aea9e9bf4222f33b161ec2004749ec7676db665af4bf5,0.469
altimetry:ign_rge_alti_par_territoires,1,ok,GET,https://data.geopf.fr/altimetrie/1.0/calcul/alti/rest/elevation.json?lon=6.0292652%7C6.0292889%7C6.0293126%7C6.0293364%7C6.0293601%7C6.0293838%7C6.0294076%7C6.0294313%7C6.0294550%7C6.0294774%7C6.0294998%7C6.0295222%7C6.0295447%7C6.0295671%7C6.0295895%7C6.0296119%7C6.0296343%7C6.0296587%7C6.029683...,200,False,https://data.geopf.fr/altimetrie/1.0/calcul/alti/rest/elevation.json?lon=6.0292652%7C6.0292889%7C6.0293126%7C6.0293364%7C6.0293601%7C6.0293838%7C6.0294076%7C6.0294313%7C6.0294550%7C6.0294774%7C6.0294998%7C6.0295222%7C6.0295447%7C6.0295671%7C6.0295895%7C6.0296119%7C6.0296343%7C6.0296587%7C6.029683...,application/json,1341,62dfe76a01161e17f23dc1d4f7e806ef1ed9e0b812802e9b6a978392a76f412b,0.406
altimetry:ign_rge_alti_par_territoires,1,ok,GET,https://data.geopf.fr/altimetrie/1.0/calcul/alti/rest/elevation.json?lon=6.0292652%7C6.0293285%7C6.0293917%7C6.0294550%7C6.0295148%7C6.0295745%7C6.0296343%7C6.0296952%7C6.0297561%7C6.0298170%7C6.0298779%7C6.0299313%7C6.0299848%7C6.0300382%7C6.0300916%7C6.0301373%7C6.0301830%7C6.0302286%7C6.030274...,200,False,https://data.geopf.fr/altimetrie/1.0/calcul/alti/rest/elevation.json?lon=6.0292652%7C6.0293285%7C6.0293917%7C6.0294550%7C6.0295148%7C6.0295745%7C6.0296343%7C6.0296952%7C6.0297561%7C6.0298170%7C6.0298779%7C6.0299313%7C6.0299848%7C6.0300382%7C6.0300916%7C6.0301373%7C6.0301830%7C6.0302286%7C6.030274...,application/json,576,3ff345e4e412caa2fbf4b8be1513022558c0f39a9db6d01211bfbd5a14143e9d,0.359
altimetry:ign_rge_alti_par_territoires,1,ok,GET,https://data.geopf.fr/altimetrie/1.0/calcul/alti/rest/elevation.json?lon=6.0292652%7C6.0293601%7C6.0294550%7C6.0295447%7C6.0296343%7C6.0297561%7C6.0298779%7C6.0299848%7C6.0300916%7C6.0301830%7C6.0302743%7C6.0303494%7C6.0304245%7C6.0305288%7C6.0306330%7C6.0307220%7C6.0308109%7C6.0308989%7C6.030986...,200,False,https://data.geopf.fr/altimetrie/1.0/calcul/alti/rest/elevation.json?lon=6.0292652%7C6.0293601%7C6.0294550%7C6.0295447%7C6.0296343%7C6.0297561%7C6.0298779%7C6.0299848%7C6.0300916%7C6.0301830%7C6.0302743%7C6.0303494%7C6.0304245%7C6.0305288%7C6.0306330%7C6.0307220%7C6.0308109%7C6.0308989%7C6.030986...,application/json,323,7b6d8e84fbd5765976349d9fac4daf2cf2ef2d237d12381ff6d775085aec32e7,0.266
altimetry:ign_rge_alti_wld,1,ok,GET,https://data.geopf.fr/altimetrie/1.0/calcul/alti/rest/elevation.json?lon=6.0292652%7C6.0293601%7C6.0294550%7C6.0295447%7C6.0296343%7C6.0297561%7C6.0298779%7C6.0299848%7C6.0300916%7C6.0301830%7C6.0302743%7C6.0303494%7C6.0304245%7C6.0305288%7C6.0306330%7C6.0307220%7C6.0308109%7C6.0308989%7C6.030986...,200,False,https://data.geopf.fr/altimetrie/1.0/calcul/alti/rest/elevation.json?lon=6.0292652%7C6.0293601%7C6.0294550%7C6.0295447%7C6.0296343%7C6.0297561%7C6.0298779%7C6.0299848%7C6.0300916%7C6.0301830%7C6.0302743%7C6.0303494%7C6.0304245%7C6.0305288%7C6.0306330%7C6.0307220%7C6.0308109%7C6.0308989%7C6.030986...,application/json,324,0e5622b481906e9725d63c86b1aac1bfeb51f80f484436f57dfce3cf01e1b595,0.641
altimetry:ign_rge_alti_par_territoires,1,ok,GET,https://data.geopf.fr/altimetrie/1.0/calcul/alti/rest/elevation.json?lon=6.0292652%7C6.0294550%7C6.0296343%7C6.0298779%7C6.0300916%7C6.0302743%7C6.0304245%7C6.0306330%7C6.0308109%7C6.0309869%7C6.0312167%7C6.0313892%7C6.0315542%7C6.0316923%7C6.0318446%7C6.0319891%7C6.0321337%7C6.0322782&lat=45.065...,200,False,https://data.geopf.fr/altimetrie/1.0/calcul/alti/rest/elevation.json?lon=6.0292652%7C6.0294550%7C6.0296343%7C6.0298779%7C6.0300916%7C6.0302743%7C6.0304245%7C6.0306330%7C6.0308109%7C6.0309869%7C6.0312167%7C6.0313892%7C6.0315542%7C6.0316923%7C6.0318446%7C6.0319891%7C6.0321337%7C6.0322782&lat=45.065...,application/json,160,ffd3bf176888637714913d55a7dd5c62bab7af2e84442c594a3d98b953e3a9cf,0.391
altimetry:ign_rge_alti_par_territoires,1,ok,GET,https://data.geopf.fr/altimetrie/1.0/calcul/alti/rest/elevation.json?lon=6.0408980%7C6.0408917%7C6.0408855%7C6.0408792%7C6.0408870%7C6.0408949%7C6.0409027%7C6.0409180%7C6.0409333%7C6.0409486%7C6.0409639%7C6.0409831%7C6.0410024%7C6.0410216%7C6.0410408%7C6.0410600%7C6.0410793%7C6.0410985%7C6.041117...,200,False,https://data.geopf.fr/altimetrie/1.0/calcul/alti/rest/elevation.json?lon=6.0408980%7C6.0408917%7C6.0408855%7C6.0408792%7C6.0408870%7C6.0408949%7C6.0409027%7C6.0409180%7C6.0409333%7C6.0409486%7C6.0409639%7C6.0409831%7C6.0410024%7C6.0410216%7C6.0410408%7C6.0410600%7C6.0410793%7C6.0410985%7C6.041117...,application/json,1597,7271f9974e81093584c6506600819c7c738da5fedf70bd0ff5ff73c606fee1c7,0.375
altimetry:ign_rge_alti_par_territoires,1,ok,GET,https://data.geopf.fr/altimetrie/1.0/calcul/alti/rest/elevation.json?lon=6.0439962%7C6.0440084%7C6.0440205%7C6.0440327%7C6.0440449%7C6.0440570%7C6.0440692%7C6.0440813%7C6.0440935%7C6.0441057%7C6.0441178%7C6.0441300%7C6.0441398%7C6.0441495%7C6.0441593%7C6.0441690%7C6.0441788%7C6.0441886%7C6.044198...,200,False,https://data.geopf.fr/altimetrie/1.0/calcul/alti/rest/elevation.json?lon=6.0439962%7C6.0440084%7C6.0440205%7C6.0440327%7C6.0440449%7C6.0440570%7C6.0440692%7C6.0440813%7C6.0440935%7C6.0441057%7C6.0441178%7C6.0441300%7C6.0441398%7C6.0441495%7C6.0441593%7C6.0441690%7C6.0441788%7C6.0441886%7C6.044198...,application/json,663,5ca96cb426125f093291fb716a909fde04ce7f3a8f2c5521255ff99bb8fa9133,0.61
altimetry:ign_rge_alti_par_territoires,1,ok,GET,https://data.geopf.fr/altimetrie/1.0/calcul/alti/rest/elevation.json?lon=6.0408980%7C6.0408886%7C6.0408792%7C6.0409027%7C6.0409333%7C6.0409639%7C6.0410098%7C6.0410556%7C6.0411015%7C6.0411473%7C6.0411932%7C6.0412390%7C6.0412849%7C6.0413307%7C6.0413766%7C6.0414224%7C6.0414683%7C6.0415141%7C6.041560...,200,False,https://data.geopf.fr/altimetrie/1.0/calcul/alti/rest/elevation.json?lon=6.0408980%7C6.0408886%7C6.0408792%7C6.0409027%7C6.0409333%7C6.0409639%7C6.0410098%7C6.0410556%7C6.0411015%7C6.0411473%7C6.0411932%7C6.0412390%7C6.0412849%7C6.0413307%7C6.0413766%7C6.0414224%7C6.0414683%7C6.0415141%7C6.041560...,application/json,967,519de770def8d6c134d48c359df2e5a66db4c116bb17d2c87dc6c8735c8fe81b,0.844
altimetry:ign_rge_alti_par_territoires,1,ok,GET,https://data.geopf.fr/altimetrie/1.0/calcul/alti/rest/elevation.json?lon=6.0408980%7C6.0408792%7C6.0409027%7C6.0409639%7C6.0410491%7C6.0411342%7C6.0412194%7C6.0413045%7C6.0413897%7C6.0414748%7C6.0415600%7C6.0416297%7C6.0416995%7C6.0417692%7C6.0418359%7C6.0419025%7C6.0419691%7C6.0420358%7C6.042096...,200,False,https://data.geopf.fr/altimetrie/1.0/calcul/alti/rest/elevation.json?lon=6.0408980%7C6.0408792%7C6.0409027%7C6.0409639%7C6.0410491%7C6.0411342%7C6.0412194%7C6.0413045%7C6.0413897%7C6.0414748%7C6.0415600%7C6.0416297%7C6.0416995%7C6.0417692%7C6.0418359%7C6.0419025%7C6.0419691%7C6.0420358%7C6.042096...,application/json,536,c20271c6a11e7b953c82f936a0b71aee71ad08f6b322fa4b286ed2729f18d2c0,0.5
altimetry:ign_rge_alti_wld,1,ok,GET,https://data.geopf.fr/altimetrie/1.0/calcul/alti/rest/elevation.json?lon=6.0408980%7C6.0408792%7C6.0409027%7C6.0409639%7C6.0410491%7C6.0411342%7C6.0412194%7C6.0413045%7C6.0413897%7C6.0414748%7C6.0415600%7C6.0416297%7C6.0416995%7C6.0417692%7C6.0418359%7C6.0419025%7C6.0419691%7C6.0420358%7C6.042096...,200,False,https://data.geopf.fr/altimetrie/1.0/calcul/alti/rest/elevation.json?lon=6.0408980%7C6.0408792%7C6.0409027%7C6.0409639%7C6.0410491%7C6.0411342%7C6.0412194%7C6.0413045%7C6.0413897%7C6.0414748%7C6.0415600%7C6.0416297%7C6.0416995%7C6.0417692%7C6.0418359%7C6.0419025%7C6.0419691%7C6.0420358%7C6.042096...,application/json,535,1398bab871de877b350ba43736732a387ecd543c75feb6e4e6df12fe89ba1cd1,0.484
altimetry:ign_rge_alti_par_territoires,1,ok,GET,https://data.geopf.fr/altimetrie/1.0/calcul/alti/rest/elevation.json?lon=6.0408980%7C6.0408792%7C6.0409027%7C6.0409639%7C6.0411626%7C6.0413613%7C6.0415600%7C6.0417692%7C6.0419025%7C6.0420358%7C6.0422186%7C6.0424421%7C6.0425457%7C6.0427614%7C6.0429886%7C6.0432157%7C6.0433756%7C6.0435356%7C6.043635...,200,False,https://data.geopf.fr/altimetrie/1.0/calcul/alti/rest/elevation.json?lon=6.0408980%7C6.0408792%7C6.0409027%7C6.0409639%7C6.0411626%7C6.0413613%7C6.0415600%7C6.0417692%7C6.0419025%7C6.0420358%7C6.0422186%7C6.0424421%7C6.0425457%7C6.0427614%7C6.0429886%7C6.0432157%7C6.0433756%7C6.0435356%7C6.043635...,application/json,263,314d8ad1460a360a58ecfa8bd2e6da38b71b0115602a79364b631ccbbfd32c5c,0.281
altimetry:ign_rge_alti_par_territoires,1,ok,GET,https://data.geopf.fr/altimetrie/1.0/calcul/alti/rest/elevation.json?lon=6.0821290%7C6.0821071%7C6.0820851%7C6.0820631%7C6.0820412%7C6.0820211%7C6.0820095%7C6.0819934%7C6.0819774%7C6.0819613%7C6.0819549%7C6.0819485%7C6.0819417%7C6.0819349%7C6.0819247%7C6.0819146%7C6.0819044%7C6.0818904%7C6.081879...,200,False,https://data.geopf.fr/altimetrie/1.0/calcul/alti/rest/elevation.json?lon=6.0821290%7C6.0821071%7C6.0820851%7C6.0820631%7C6.0820412%7C6.0820211%7C6.0820095%7C6.0819934%7C6.0819774%7C6.0819613%7C6.0819549%7C6.0819485%7C6.0819417%7C6.0819349%7C6.0819247%7C6.0819146%7C6.0819044%7C6.0818904%7C6.081879...,application/json,1794,af3994544e34afaf3ca1f3e6d1008a29ca1e9c3b95ac75e9ec461b2e6f3f68fe,0.453
altimetry:ign_rge_alti_par_territoires,1,ok,GET,https://data.geopf.fr/altimetrie/1.0/calcul/alti/rest/elevation.json?lon=6.0793500%7C6.0793273%7C6.0793047%7C6.0792820%7C6.0792593%7C6.0792358%7C6.0792124%7C6.0791889%7C6.0791655%7C6.0791420%7C6.0791186%7C6.0790951%7C6.0790702%7C6.0790453%7C6.0790203%7C6.0789954%7C6.0789705%7C6.0789541%7C6.078937...,200,False,https://data.geopf.fr/altimetrie/1.0/calcul/alti/rest/elevation.json?lon=6.0793500%7C6.0793273%7C6.0793047%7C6.0792820%7C6.0792593%7C6.0792358%7C6.0792124%7C6.0791889%7C6.0791655%7C6.0791420%7C6.0791186%7C6.0790951%7C6.0790702%7C6.0790453%7C6.0790203%7C6.0789954%7C6.0789705%7C6.0789541%7C6.078937...,application/json,1653,3f7da13e1cbffe91c341774831996202b049fa3e01b17712d3f6d0bb39a54b00,0.75
altimetry:ign_rge_alti_par_territoires,1,ok,GET,https://data.geopf.fr/altimetrie/1.0/calcul/alti/rest/elevation.json?lon=6.0821290%7C6.0820851%7C6.0820412%7C6.0820211%7C6.0820095%7C6.0819854%7C6.0819613%7C6.0819485%7C6.0819349%7C6.0819044%7C6.0818904%7C6.0818675%7C6.0818418%7C6.0817948%7C6.0817478%7C6.0817008%7C6.0816714%7C6.0816552%7C6.081635...,200,False,https://data.geopf.fr/altimetrie/1.0/calcul/alti/rest/elevation.json?lon=6.0821290%7C6.0820851%7C6.0820412%7C6.0820211%7C6.0820095%7C6.0819854%7C6.0819613%7C6.0819485%7C6.0819349%7C6.0819044%7C6.0818904%7C6.0818675%7C6.0818418%7C6.0817948%7C6.0817478%7C6.0817008%7C6.0816714%7C6.0816552%7C6.081635...,application/json,1796,72500b06111f21752f33c51b42f66982a280c2f675f0a3bd117bc06f57411b26,0.75
altimetry:ign_rge_alti_par_territoires,1,ok,GET,https://data.geopf.fr/altimetrie/1.0/calcul/alti/rest/elevation.json?lon=6.0772023&lat=45.0996002&resource=ign_rge_alti_par_territoires&delimiter=%7C&measures=false&zonly=true,200,False,https://data.geopf.fr/altimetrie/1.0/calcul/alti/rest/elevation.json?lon=6.0772023&lat=45.0996002&resource=ign_rge_alti_par_territoires&delimiter=%7C&measures=false&zonly=true,application/json,24,f656a121153e11fd52a12a14ca34bd43de4c9e36ffc20e5a9eea90a9de02639f,0.297
altimetry:ign_rge_alti_par_territoires,1,ok,GET,https://data.geopf.fr/altimetrie/1.0/calcul/alti/rest/elevation.json?lon=6.0821290%7C6.0820412%7C6.0820211%7C6.0820095%7C6.0819613%7C6.0819485%7C6.0819349%7C6.0819044%7C6.0818904%7C6.0818675%7C6.0818418%7C6.0817713%7C6.0817008%7C6.0816714%7C6.0816552%7C6.0816357%7C6.0816123%7C6.0815900%7C6.081535...,200,False,https://data.geopf.fr/altimetrie/1.0/calcul/alti/rest/elevation.json?lon=6.0821290%7C6.0820412%7C6.0820211%7C6.0820095%7C6.0819613%7C6.0819485%7C6.0819349%7C6.0819044%7C6.0818904%7C6.0818675%7C6.0818418%7C6.0817713%7C6.0817008%7C6.0816714%7C6.0816552%7C6.0816357%7C6.0816123%7C6.0815900%7C6.081535...,application/json,1384,1598c362ce8df5f4989fb47bf3d8af6026416c6e92283a8a68922f8b3c73f12d,0.5
altimetry:ign_rge_alti_wld,1,ok,GET,https://data.geopf.fr/altimetrie/1.0/calcul/alti/rest/elevation.json?lon=6.0821290%7C6.0820412%7C6.0820211%7C6.0820095%7C6.0819613%7C6.0819485%7C6.0819349%7C6.0819044%7C6.0818904%7C6.0818675%7C6.0818418%7C6.0817713%7C6.0817008%7C6.0816714%7C6.0816552%7C6.0816357%7C6.0816123%7C6.0815900%7C6.081535...,200,False,https://data.geopf.fr/altimetrie/1.0/calcul/alti/rest/elevation.json?lon=6.0821290%7C6.0820412%7C6.0820211%7C6.0820095%7C6.0819613%7C6.0819485%7C6.0819349%7C6.0819044%7C6.0818904%7C6.0818675%7C6.0818418%7C6.0817713%7C6.0817008%7C6.0816714%7C6.0816552%7C6.0816357%7C6.0816123%7C6.0815900%7C6.081535...,application/json,1383,56bf5fa12ad5ef35d41530045d5a460ba9753f79f880e9ed8800884841813b8d,0.391
altimetry:ign_rge_alti_par_territoires,1,ok,GET,https://data.geopf.fr/altimetrie/1.0/calcul/alti/rest/elevation.json?lon=6.0821290%7C6.0820412%7C6.0820211%7C6.0820095%7C6.0819613%7C6.0819485%7C6.0819349%7C6.0819044%7C6.0818904%7C6.0818675%7C6.0818418%7C6.0817008%7C6.0816714%7C6.0816552%7C6.0816357%7C6.0816123%7C6.0815900%7C6.0815353%7C6.081520...,200,False,https://data.geopf.fr/altimetrie/1.0/calcul/alti/rest/elevation.json?lon=6.0821290%7C6.0820412%7C6.0820211%7C6.0820095%7C6.0819613%7C6.0819485%7C6.0819349%7C6.0819044%7C6.0818904%7C6.0818675%7C6.0818418%7C6.0817008%7C6.0816714%7C6.0816552%7C6.0816357%7C6.0816123%7C6.0815900%7C6.0815353%7C6.081520...,application/json,1313,ede9fcbbe3e1eb0e5283ef0d48556f8961ac55243fb1bd27cfb7c82606aec24f,0.453
altimetry:ign_rge_alti_par_territoires,1,ok,GET,https://data.geopf.fr/altimetrie/1.0/calcul/alti/rest/elevation.json?lon=6.0843045%7C6.0842905%7C6.0842765%7C6.0842624%7C6.0842484%7C6.0842344%7C6.0842204%7C6.0842063%7C6.0841923%7C6.0841783%7C6.0841667%7C6.0841551%7C6.0841411%7C6.0841271%7C6.0841139%7C6.0841007%7C6.0840790%7C6.0840574%7C6.084039...,200,False,https://data.geopf.fr/altimetrie/1.0/calcul/alti/rest/elevation.json?lon=6.0843045%7C6.0842905%7C6.0842765%7C6.0842624%7C6.0842484%7C6.0842344%7C6.0842204%7C6.0842063%7C6.0841923%7C6.0841783%7C6.0841667%7C6.0841551%7C6.0841411%7C6.0841271%7C6.0841139%7C6.0841007%7C6.0840790%7C6.0840574%7C6.084039...,application/json,1795,5d96b9970e973eb378b715516209803000dcd0260f0f479e633d51371e62916d,0.453
altimetry:ign_rge_alti_par_territoires,1,ok,GET,https://data.geopf.fr/altimetrie/1.0/calcul/alti/rest/elevation.json?lon=6.0817773%7C6.0817743%7C6.0817740%7C6.0817737%7C6.0817685%7C6.0817584%7C6.0817476%7C6.0817368%7C6.0817217%7C6.0817067%7C6.0816903%7C6.0816739%7C6.0816586%7C6.0816432%7C6.0816301%7C6.0816170%7C6.0816033%7C6.0815897%7C6.081571...,200,False,https://data.geopf.fr/altimetrie/1.0/calcul/alti/rest/elevation.json?lon=6.0817773%7C6.0817743%7C6.0817740%7C6.0817737%7C6.0817685%7C6.0817584%7C6.0817476%7C6.0817368%7C6.0817217%7C6.0817067%7C6.0816903%7C6.0816739%7C6.0816586%7C6.0816432%7C6.0816301%7C6.0816170%7C6.0816033%7C6.0815897%7C6.081571...,application/json,1793,9dca0984a8c684368b3fd6998368d9dccdfd0e93ea7dd074ab506fb7b80e6757,0.5
altimetry:ign_rge_alti_par_territoires,1,ok,GET,https://data.geopf.fr/altimetrie/1.0/calcul/alti/rest/elevation.json?lon=6.0803072%7C6.0802966%7C6.0802786%7C6.0802557%7C6.0802320%7C6.0802211%7C6.0802102%7C6.0802001%7C6.0801899%7C6.0801847%7C6.0801795%7C6.0801785%7C6.0801774%7C6.0801823%7C6.0801871%7C6.0801964%7C6.0802057%7C6.0802141%7C6.080222...,200,False,https://data.geopf.fr/altimetrie/1.0/calcul/alti/rest/elevation.json?lon=6.0803072%7C6.0802966%7C6.0802786%7C6.0802557%7C6.0802320%7C6.0802211%7C6.0802102%7C6.0802001%7C6.0801899%7C6.0801847%7C6.0801795%7C6.0801785%7C6.0801774%7C6.0801823%7C6.0801871%7C6.0801964%7C6.0802057%7C6.0802141%7C6.080222...,application/json,1797,cd34e31e85047c3d4154c3b2274dde92f81d91344cd68fcd87600c57449c1745,0.344
altimetry:ign_rge_alti_par_territoires,1,ok,GET,https://data.geopf.fr/altimetrie/1.0/calcul/alti/rest/elevation.json?lon=6.0787048%7C6.0787042%7C6.0787037%7C6.0787031%7C6.0787026%7C6.0787059%7C6.0787092%7C6.0787125%7C6.0787158%7C6.0787191%7C6.0787228%7C6.0787266%7C6.0787303%7C6.0787412%7C6.0787521%7C6.0787631%7C6.0787740%7C6.0787816%7C6.078781...,200,False,https://data.geopf.fr/altimetrie/1.0/calcul/alti/rest/elevation.json?lon=6.0787048%7C6.0787042%7C6.0787037%7C6.0787031%7C6.0787026%7C6.0787059%7C6.0787092%7C6.0787125%7C6.0787158%7C6.0787191%7C6.0787228%7C6.0787266%7C6.0787303%7C6.0787412%7C6.0787521%7C6.0787631%7C6.0787740%7C6.0787816%7C6.078781...,application/json,1792,8f5ebdd493ca309a08ddf1d37b6fdf0a3bffc3ed9c12853be64543d5073fb11a,0.375
altimetry:ign_rge_alti_par_territoires,1,ok,GET,https://data.geopf.fr/altimetrie/1.0/calcul/alti/rest/elevation.json?lon=6.0769756%7C6.0769853%7C6.0769950%7C6.0770057%7C6.0770165%7C6.0770273%7C6.0770380%7C6.0770489%7C6.0770598%7C6.0770708%7C6.0770817%7C6.0770926%7C6.0771019%7C6.0771112%7C6.0771172%7C6.0771232%7C6.0771291%7C6.0771351%7C6.077137...,200,False,https://data.geopf.fr/altimetrie/1.0/calcul/alti/rest/elevation.json?lon=6.0769756%7C6.0769853%7C6.0769950%7C6.0770057%7C6.0770165%7C6.0770273%7C6.0770380%7C6.0770489%7C6.0770598%7C6.0770708%7C6.0770817%7C6.0770926%7C6.0771019%7C6.0771112%7C6.0771172%7C6.0771232%7C6.0771291%7C6.0771351%7C6.077137...,application/json,1800,67e34814447d9844658b6bbfc2336b501ce832e81d74f5f9bdbe6fddc4507f0e,0.485
altimetry:ign_rge_alti_par_territoires,1,ok,GET,https://data.geopf.fr/altimetrie/1.0/calcul/alti/rest/elevation.json?lon=6.0754369%7C6.0754239%7C6.0754109%7C6.0753979%7C6.0753849%7C6.0753719%7C6.0753589%7C6.0753454%7C6.0753318%7C6.0753139%7C6.0752888%7C6.0752749%7C6.0752611%7C6.0752392%7C6.0752262%7C6.0752131%7C6.0752044%7C6.0752021%7C6.075199...,200,False,https://data.geopf.fr/altimetrie/1.0/calcul/alti/rest/elevation.json?lon=6.0754369%7C6.0754239%7C6.0754109%7C6.0753979%7C6.0753849%7C6.0753719%7C6.0753589%7C6.0753454%7C6.0753318%7C6.0753139%7C6.0752888%7C6.0752749%7C6.0752611%7C6.0752392%7C6.0752262%7C6.0752131%7C6.0752044%7C6.0752021%7C6.075199...,application/json,1801,c2adf824261d514b6c3ff755ffc0391d56012e4274a6d079e9e20434e63723b8,0.406
altimetry:ign_rge_alti_par_territoires,1,ok,GET,https://data.geopf.fr/altimetrie/1.0/calcul/alti/rest/elevation.json?lon=6.0744569%7C6.0744328%7C6.0744148%7C6.0743968%7C6.0743822%7C6.0743658%7C6.0743569%7C6.0743480%7C6.0743421%7C6.0743363%7C6.0743302%7C6.0743241%7C6.0743200%7C6.0743211%7C6.0743222%7C6.0743236%7C6.0743251%7C6.0743265%7C6.074327...,200,False,https://data.geopf.fr/altimetrie/1.0/calcul/alti/rest/elevation.json?lon=6.0744569%7C6.0744328%7C6.0744148%7C6.0743968%7C6.0743822%7C6.0743658%7C6.0743569%7C6.0743480%7C6.0743421%7C6.0743363%7C6.0743302%7C6.0743241%7C6.0743200%7C6.0743211%7C6.0743222%7C6.0743236%7C6.0743251%7C6.0743265%7C6.074327...,application/json,892,d957f45ff2cc18ede188e63edce25acbf781cf1891108a525d01a5783f337ef8,0.375
altimetry:ign_rge_alti_par_territoires,1,ok,GET,https://data.geopf.fr/altimetrie/1.0/calcul/alti/rest/elevation.json?lon=6.0843045%7C6.0842729%7C6.0842414%7C6.0842098%7C6.0841783%7C6.0841551%7C6.0841271%7C6.0841007%7C6.0840574%7C6.0840050%7C6.0839865%7C6.0839487%7C6.0838983%7C6.0838504%7C6.0838154%7C6.0837792%7C6.0837482%7C6.0837191%7C6.083695...,200,False,https://data.geopf.fr/altimetrie/1.0/calcul/alti/rest/elevation.json?lon=6.0843045%7C6.0842729%7C6.0842414%7C6.0842098%7C6.0841783%7C6.0841551%7C6.0841271%7C6.0841007%7C6.0840574%7C6.0840050%7C6.0839865%7C6.0839487%7C6.0838983%7C6.0838504%7C6.0838154%7C6.0837792%7C6.0837482%7C6.0837191%7C6.083695...,application/json,1793,2f29ed97a35864578a0ca198c84f87d66bf48f27468182b8ce3606b3ef1f829d,0.484
altimetry:ign_rge_alti_par_territoires,1,ok,GET,https://data.geopf.fr/altimetrie/1.0/calcul/alti/rest/elevation.json?lon=6.0806357%7C6.0806068%7C6.0805660%7C6.0805252%7C6.0804854%7C6.0804455%7C6.0804158%7C6.0803862%7C6.0803539%7C6.0803402%7C6.0803296%7C6.0803179%7C6.0802966%7C6.0802786%7C6.0802557%7C6.0802320%7C6.0802102%7C6.0801899%7C6.080179...,200,False,https://data.geopf.fr/altimetrie/1.0/calcul/alti/rest/elevation.json?lon=6.0806357%7C6.0806068%7C6.0805660%7C6.0805252%7C6.0804854%7C6.0804455%7C6.0804158%7C6.0803862%7C6.0803539%7C6.0803402%7C6.0803296%7C6.0803179%7C6.0802966%7C6.0802786%7C6.0802557%7C6.0802320%7C6.0802102%7C6.0801899%7C6.080179...,application/json,1801,b3540fd21c7517eb120ecbd82ae603feb98324fae2ced97a7cece911b5e76953,0.656
altimetry:ign_rge_alti_par_territoires,1,ok,GET,https://data.geopf.fr/altimetrie/1.0/calcul/alti/rest/elevation.json?lon=6.0777920%7C6.0778063%7C6.0778205%7C6.0778096%7C6.0778198%7C6.0778123%7C6.0777980%7C6.0777766%7C6.0777495%7C6.0777201%7C6.0776824%7C6.0776442%7C6.0776018%7C6.0775595%7C6.0775171%7C6.0774695%7C6.0774238%7C6.0773750%7C6.077317...,200,False,https://data.geopf.fr/altimetrie/1.0/calcul/alti/rest/elevation.json?lon=6.0777920%7C6.0778063%7C6.0778205%7C6.0778096%7C6.0778198%7C6.0778123%7C6.0777980%7C6.0777766%7C6.0777495%7C6.0777201%7C6.0776824%7C6.0776442%7C6.0776018%7C6.0775595%7C6.0775171%7C6.0774695%7C6.0774238%7C6.0773750%7C6.077317...,application/json,1798,9582c9682f8857c01e0ba348341ce9df84dd28cad7974bee36a1a63320d32b20,0.61
altimetry:ign_rge_alti_par_territoires,1,ok,GET,https://data.geopf.fr/altimetrie/1.0/calcul/alti/rest/elevation.json?lon=6.0748700%7C6.0748434%7C6.0747903%7C6.0747700%7C6.0747527%7C6.0747282%7C6.0747152%7C6.0746976%7C6.0746816%7C6.0746575%7C6.0746305%7C6.0746144%7C6.0745969%7C6.0745908%7C6.0745876%7C6.0745946%7C6.0746160%7C6.0746336%7C6.074651...,200,False,https://data.geopf.fr/altimetrie/1.0/calcul/alti/rest/elevation.json?lon=6.0748700%7C6.0748434%7C6.0747903%7C6.0747700%7C6.0747527%7C6.0747282%7C6.0747152%7C6.0746976%7C6.0746816%7C6.0746575%7C6.0746305%7C6.0746144%7C6.0745969%7C6.0745908%7C6.0745876%7C6.0745946%7C6.0746160%7C6.0746336%7C6.074651...,application/json,1044,2cef457d80b03d5278579ec3320c27d9748404b24242ca55ea74206ff76b3ab5,0.469
altimetry:ign_rge_alti_par_territoires,1,ok,GET,https://data.geopf.fr/altimetrie/1.0/calcul/alti/rest/elevation.json?lon=6.0843045%7C6.0842414%7C6.0841783%7C6.0841551%7C6.0841271%7C6.0841007%7C6.0840574%7C6.0840050%7C6.0839865%7C6.0839487%7C6.0838983%7C6.0838504%7C6.0838154%7C6.0837792%7C6.0837482%7C6.0837191%7C6.0836957%7C6.0836620%7C6.083637...,200,False,https://data.geopf.fr/altimetrie/1.0/calcul/alti/rest/elevation.json?lon=6.0843045%7C6.0842414%7C6.0841783%7C6.0841551%7C6.0841271%7C6.0841007%7C6.0840574%7C6.0840050%7C6.0839865%7C6.0839487%7C6.0838983%7C6.0838504%7C6.0838154%7C6.0837792%7C6.0837482%7C6.0837191%7C6.0836957%7C6.0836620%7C6.083637...,application/json,1794,838566a4ce795531e60fe9125e8e0dad9c559efd7c3c59950a34c0ba22d4e1dc,0.641
altimetry:ign_rge_alti_par_territoires,1,ok,GET,https://data.geopf.fr/altimetrie/1.0/calcul/alti/rest/elevation.json?lon=6.0802057%7C6.0802225%7C6.0802337%7C6.0802397%7C6.0802392%7C6.0802330%7C6.0802149%7C6.0802041%7C6.0801995%7C6.0801967%7C6.0802011%7C6.0802176%7C6.0802283%7C6.0802336%7C6.0802326%7C6.0802293%7C6.0802192%7C6.0802058%7C6.080187...,200,False,https://data.geopf.fr/altimetrie/1.0/calcul/alti/rest/elevation.json?lon=6.0802057%7C6.0802225%7C6.0802337%7C6.0802397%7C6.0802392%7C6.0802330%7C6.0802149%7C6.0802041%7C6.0801995%7C6.0801967%7C6.0802011%7C6.0802176%7C6.0802283%7C6.0802336%7C6.0802326%7C6.0802293%7C6.0802192%7C6.0802058%7C6.080187...,application/json,1795,054118245aa180115c70677cb72f6694ee6aaa44dd9ab9f9f1f35935028b5ceb,0.406
altimetry:ign_rge_alti_par_territoires,1,ok,GET,https://data.geopf.fr/altimetrie/1.0/calcul/alti/rest/elevation.json?lon=6.0770179%7C6.0769989%7C6.0769747%7C6.0769139%7C6.0768530%7C6.0767696%7C6.0767476%7C6.0767285%7C6.0767059%7C6.0766865%7C6.0766676%7C6.0766545%7C6.0766454%7C6.0766411%7C6.0766401%7C6.0766426%7C6.0766545%7C6.0766780%7C6.076739...,200,False,https://data.geopf.fr/altimetrie/1.0/calcul/alti/rest/elevation.json?lon=6.0770179%7C6.0769989%7C6.0769747%7C6.0769139%7C6.0768530%7C6.0767696%7C6.0767476%7C6.0767285%7C6.0767059%7C6.0766865%7C6.0766676%7C6.0766545%7C6.0766454%7C6.0766411%7C6.0766401%7C6.0766426%7C6.0766545%7C6.0766780%7C6.076739...,application/json,1802,86ff46efd8ff2a28ce1b6ff183d9907b4ca3e4cba290e70553cc06d5a5679cd0,0.593
altimetry:ign_rge_alti_par_territoires,1,ok,GET,https://data.geopf.fr/altimetrie/1.0/calcul/alti/rest/elevation.json?lon=6.0743200%7C6.0743222%7C6.0743272%7C6.0743322%7C6.0743480%7C6.0743548%7C6.0743616%7C6.0743533%7C6.0743450%7C6.0743321%7C6.0743285%7C6.0743398%7C6.0743438%7C6.0743479%7C6.0743519%7C6.0743734%7C6.0743950%7C6.0744214%7C6.074408...,200,False,https://data.geopf.fr/altimetrie/1.0/calcul/alti/rest/elevation.json?lon=6.0743200%7C6.0743222%7C6.0743272%7C6.0743322%7C6.0743480%7C6.0743548%7C6.0743616%7C6.0743533%7C6.0743450%7C6.0743321%7C6.0743285%7C6.0743398%7C6.0743438%7C6.0743479%7C6.0743519%7C6.0743734%7C6.0743950%7C6.0744214%7C6.074408...,application/json,221,bf86876f4de1161a94b4ca9ca601a67b5e27f58a8c1c04075ff4692909a86adb,0.39
altimetry:ign_rge_alti_wld,1,ok,GET,https://data.geopf.fr/altimetrie/1.0/calcul/alti/rest/elevation.json?lon=6.0843045%7C6.0842414%7C6.0841783%7C6.0841551%7C6.0841271%7C6.0841007%7C6.0840574%7C6.0840050%7C6.0839865%7C6.0839487%7C6.0838983%7C6.0838504%7C6.0838154%7C6.0837792%7C6.0837482%7C6.0837191%7C6.0836957%7C6.0836620%7C6.083637...,200,False,https://data.geopf.fr/altimetrie/1.0/calcul/alti/rest/elevation.json?lon=6.0843045%7C6.0842414%7C6.0841783%7C6.0841551%7C6.0841271%7C6.0841007%7C6.0840574%7C6.0840050%7C6.0839865%7C6.0839487%7C6.0838983%7C6.0838504%7C6.0838154%7C6.0837792%7C6.0837482%7C6.0837191%7C6.0836957%7C6.0836620%7C6.083637...,application/json,1790,5247d0877ac10c97d41a0928aa9c98b5beaa8dca917eeed7a47bdc28d3f72822,0.421
altimetry:ign_rge_alti_wld,1,ok,GET,https://data.geopf.fr/altimetrie/1.0/calcul/alti/rest/elevation.json?lon=6.0802057%7C6.0802225%7C6.0802337%7C6.0802397%7C6.0802392%7C6.0802330%7C6.0802149%7C6.0802041%7C6.0801995%7C6.0801967%7C6.0802011%7C6.0802176%7C6.0802283%7C6.0802336%7C6.0802326%7C6.0802293%7C6.0802192%7C6.0802058%7C6.080187...,200,False,https://data.geopf.fr/altimetrie/1.0/calcul/alti/rest/elevation.json?lon=6.0802057%7C6.0802225%7C6.0802337%7C6.0802397%7C6.0802392%7C6.0802330%7C6.0802149%7C6.0802041%7C6.0801995%7C6.0801967%7C6.0802011%7C6.0802176%7C6.0802283%7C6.0802336%7C6.0802326%7C6.0802293%7C6.0802192%7C6.0802058%7C6.080187...,application/json,1802,030ef15d59d4a0bcda407aab8cb0951fa5c26244b0e7cbf43d6e29384d944d83,0.343
altimetry:ign_rge_alti_wld,1,ok,GET,https://data.geopf.fr/altimetrie/1.0/calcul/alti/rest/elevation.json?lon=6.0770179%7C6.0769989%7C6.0769747%7C6.0769139%7C6.0768530%7C6.0767696%7C6.0767476%7C6.0767285%7C6.0767059%7C6.0766865%7C6.0766676%7C6.0766545%7C6.0766454%7C6.0766411%7C6.0766401%7C6.0766426%7C6.0766545%7C6.0766780%7C6.076739...,200,False,https://data.geopf.fr/altimetrie/1.0/calcul/alti/rest/elevation.json?lon=6.0770179%7C6.0769989%7C6.0769747%7C6.0769139%7C6.0768530%7C6.0767696%7C6.0767476%7C6.0767285%7C6.0767059%7C6.0766865%7C6.0766676%7C6.0766545%7C6.0766454%7C6.0766411%7C6.0766401%7C6.0766426%7C6.0766545%7C6.0766780%7C6.076739...,application/json,1794,8b10a1660b3f76f7b25bf5ac0cebb08b6ac21953068e7fbb96e1196da98f8a54,0.437
altimetry:ign_rge_alti_wld,1,ok,GET,https://data.geopf.fr/altimetrie/1.0/calcul/alti/rest/elevation.json?lon=6.0743200%7C6.0743222%7C6.0743272%7C6.0743322%7C6.0743480%7C6.0743548%7C6.0743616%7C6.0743533%7C6.0743450%7C6.0743321%7C6.0743285%7C6.0743398%7C6.0743438%7C6.0743479%7C6.0743519%7C6.0743734%7C6.0743950%7C6.0744214%7C6.074408...,200,False,https://data.geopf.fr/altimetrie/1.0/calcul/alti/rest/elevation.json?lon=6.0743200%7C6.0743222%7C6.0743272%7C6.0743322%7C6.0743480%7C6.0743548%7C6.0743616%7C6.0743533%7C6.0743450%7C6.0743321%7C6.0743285%7C6.0743398%7C6.0743438%7C6.0743479%7C6.0743519%7C6.0743734%7C6.0743950%7C6.0744214%7C6.074408...,application/json,220,c51de386f2c1f80df0e4372565e16e272b21d7f64376ed252677e0bc5ff025f7,0.406
altimetry:ign_rge_alti_par_territoires,1,ok,GET,https://data.geopf.fr/altimetrie/1.0/calcul/alti/rest/elevation.json?lon=6.0843045%7C6.0841783%7C6.0841551%7C6.0841271%7C6.0841007%7C6.0840574%7C6.0840050%7C6.0839865%7C6.0839487%7C6.0838983%7C6.0838504%7C6.0838154%7C6.0837792%7C6.0837482%7C6.0837191%7C6.0836957%7C6.0836620%7C6.0836372%7C6.083618...,200,False,https://data.geopf.fr/altimetrie/1.0/calcul/alti/rest/elevation.json?lon=6.0843045%7C6.0841783%7C6.0841551%7C6.0841271%7C6.0841007%7C6.0840574%7C6.0840050%7C6.0839865%7C6.0839487%7C6.0838983%7C6.0838504%7C6.0838154%7C6.0837792%7C6.0837482%7C6.0837191%7C6.0836957%7C6.0836620%7C6.0836372%7C6.083618...,application/json,1795,8e5e16c0e3cad08b278478c4640767e1bf0cff9c16d1519269b3ad29f4943839,0.485
altimetry:ign_rge_alti_par_territoires,1,ok,GET,https://data.geopf.fr/altimetrie/1.0/calcul/alti/rest/elevation.json?lon=6.0802397%7C6.0802392%7C6.0802330%7C6.0802149%7C6.0802041%7C6.0801995%7C6.0801967%7C6.0802011%7C6.0802176%7C6.0802283%7C6.0802336%7C6.0802326%7C6.0802293%7C6.0802192%7C6.0802058%7C6.0801872%7C6.0801637%7C6.0801421%7C6.080124...,200,False,https://data.geopf.fr/altimetrie/1.0/calcul/alti/rest/elevation.json?lon=6.0802397%7C6.0802392%7C6.0802330%7C6.0802149%7C6.0802041%7C6.0801995%7C6.0801967%7C6.0802011%7C6.0802176%7C6.0802283%7C6.0802336%7C6.0802326%7C6.0802293%7C6.0802192%7C6.0802058%7C6.0801872%7C6.0801637%7C6.0801421%7C6.080124...,application/json,1795,6deeb355fb3876b9148fe48e93291528b370ee42b67dcb6fb46e6bface82e968,0.469
altimetry:ign_rge_alti_par_territoires,1,ok,GET,https://data.geopf.fr/altimetrie/1.0/calcul/alti/rest/elevation.json?lon=6.0767059%7C6.0766865%7C6.0766676%7C6.0766545%7C6.0766454%7C6.0766411%7C6.0766401%7C6.0766426%7C6.0766545%7C6.0766780%7C6.0767395%7C6.0767612%7C6.0767628%7C6.0767591%7C6.0767474%7C6.0767291%7C6.0767064%7C6.0766809%7C6.076648...,200,False,https://data.geopf.fr/altimetrie/1.0/calcul/alti/rest/elevation.json?lon=6.0767059%7C6.0766865%7C6.0766676%7C6.0766545%7C6.0766454%7C6.0766411%7C6.0766401%7C6.0766426%7C6.0766545%7C6.0766780%7C6.0767395%7C6.0767612%7C6.0767628%7C6.0767591%7C6.0767474%7C6.0767291%7C6.0767064%7C6.0766809%7C6.076648...,application/json,1803,448f2317d797e7f1499413f7e046149b71a569e308833ba129ec157ccb6fa091,0.766
altimetry:ign_rge_alti_par_territoires,1,ok,GET,https://data.geopf.fr/altimetrie/1.0/calcul/alti/rest/elevation.json?lon=6.0742976&lat=45.0987459&resource=ign_rge_alti_par_territoires&delimiter=%7C&measures=false&zonly=true,200,False,https://data.geopf.fr/altimetrie/1.0/calcul/alti/rest/elevation.json?lon=6.0742976&lat=45.0987459&resource=ign_rge_alti_par_territoires&delimiter=%7C&measures=false&zonly=true,application/json,25,6657dad64b65e917bde59ed2d73110082fd4f5e31409ff51daf741f079275298,0.328
