source,retrieved_at,osm_way_id,edge_id,requested_spacing_m,realised_mean_spacing_m,variant,conditioning_window_m,simulated,not_simulated_reason,travelled_length_3d_m,net_dz_m,elapsed_time_s,moving_time_s,stationary_time_s,first_below_threshold_time_s,first_zero_speed_time_s,qualified_stop_time_s,travelled_distance_m,final_speed_m_s,completed_route,stop_reason
live,2026-08-07T07:21:53+00:00,28437433,osm-way-28437433-forward,2.0,1.862,raw,0.0,True,,456.519,-32.19,41.570616,41.570616,0.0,,,,456.519,11.190577,True,route_end
live,2026-08-07T07:21:53+00:00,28437433,osm-way-28437433-forward,2.0,1.862,conditioned,25.0,True,,455.809,-31.074,42.700621,42.700621,0.0,,,,455.809,10.733046,True,route_end
live,2026-08-07T07:21:53+00:00,28437433,osm-way-28437433-forward,5.0,4.168,raw,0.0,True,,456.126,-32.19,41.504571,41.504571,0.0,,,,456.126,11.199453,True,route_end
live,2026-08-07T07:21:53+00:00,28437433,osm-way-28437433-forward,5.0,4.168,conditioned,25.0,True,,455.917,-31.177,42.450351,42.450351,0.0,,,,455.917,10.732755,True,route_end
live,2026-08-07T07:21:53+00:00,28437433,osm-way-28437433-forward,10.0,6.989,raw,0.0,True,,456.056,-32.19,41.480641,41.480641,0.0,,,,456.056,11.207813,True,route_end
live,2026-08-07T07:21:53+00:00,28437433,osm-way-28437433-forward,10.0,6.989,conditioned,25.0,True,,455.899,-31.115,42.496837,42.496837,0.0,,,,455.899,10.687872,True,route_end
live,2026-08-07T07:21:53+00:00,28437433,osm-way-28437433-forward,25.0,10.095,raw,0.0,True,,456.044,-32.19,41.472973,41.472973,0.0,,,,456.044,11.215475,True,route_end
live,2026-08-07T07:21:53+00:00,28437433,osm-way-28437433-forward,25.0,10.095,conditioned,25.0,True,,456.031,-31.115,42.50237,42.50237,0.0,,,,456.031,10.652133,True,route_end
live,2026-08-07T07:21:53+00:00,28477536,osm-way-28477536-forward,2.0,1.913,raw,0.0,True,,495.653,-1.33,89.214106,89.214106,0.0,87.214106,,89.214106,245.778,0.07631,False,speed_threshold
live,2026-08-07T07:21:53+00:00,28477536,osm-way-28477536-forward,2.0,1.913,conditioned,25.0,True,,495.555,-1.086,101.547851,101.547851,0.0,99.547851,,101.547851,240.242,0.084159,False,speed_threshold
live,2026-08-07T07:21:53+00:00,28477536,osm-way-28477536-forward,5.0,4.588,raw,0.0,True,,495.603,-1.33,88.174643,88.174643,0.0,86.174643,,88.174643,244.783,0.019662,False,speed_threshold
live,2026-08-07T07:21:53+00:00,28477536,osm-way-28477536-forward,5.0,4.588,conditioned,25.0,True,,495.56,-1.193,96.567695,96.567695,0.0,94.567695,,96.567695,241.987,0.109954,False,speed_threshold
live,2026-08-07T07:21:53+00:00,28477536,osm-way-28477536-forward,10.0,8.399,raw,0.0,True,,495.591,-1.33,90.364367,90.364367,0.0,88.364367,,90.364367,246.227,0.090022,False,speed_threshold
live,2026-08-07T07:21:53+00:00,28477536,osm-way-28477536-forward,10.0,8.399,conditioned,25.0,True,,495.559,-1.155,97.16751,97.16751,0.0,95.16751,,97.16751,241.651,0.121287,False,speed_threshold
live,2026-08-07T07:21:53+00:00,28477536,osm-way-28477536-forward,25.0,16.518,raw,0.0,True,,495.585,-1.33,88.013192,88.013192,0.0,86.013192,,88.013192,245.186,0.03139,False,speed_threshold
live,2026-08-07T07:21:53+00:00,28477536,osm-way-28477536-forward,25.0,16.518,conditioned,25.0,True,,495.584,-1.33,88.031712,88.031712,0.0,86.031712,,88.031712,245.214,0.03139,False,speed_threshold
live,2026-08-07T07:21:53+00:00,28417004,osm-way-28417004-forward,2.0,1.88,raw,0.0,True,,347.286,18.76,17.854713,16.015387,1.839326,15.854713,16.015387,17.854713,57.434,0.0,False,speed_threshold
live,2026-08-07T07:21:53+00:00,28417004,osm-way-28417004-forward,2.0,1.88,conditioned,25.0,True,,346.769,17.987,16.6339,14.904869,1.72903,14.6339,14.904869,16.6339,57.951,0.0,False,speed_threshold
live,2026-08-07T07:21:53+00:00,28417004,osm-way-28417004-forward,5.0,4.22,raw,0.0,True,,346.964,18.76,18.088711,16.327707,1.761004,16.088711,16.327707,18.088711,57.777,0.0,False,speed_threshold
live,2026-08-07T07:21:53+00:00,28417004,osm-way-28417004-forward,5.0,4.22,conditioned,25.0,True,,346.794,17.987,16.45922,14.71,1.74922,14.45922,14.71,16.45922,57.971,0.0,False,speed_threshold
live,2026-08-07T07:21:53+00:00,28417004,osm-way-28417004-forward,10.0,7.864,raw,0.0,True,,346.894,18.76,17.973233,16.241541,1.731692,15.973233,16.241541,17.973233,57.555,0.0,False,speed_threshold
live,2026-08-07T07:21:53+00:00,28417004,osm-way-28417004-forward,10.0,7.864,conditioned,25.0,True,,346.786,18.255,16.815297,15.094163,1.721134,14.815297,15.094163,16.815297,57.384,0.0,False,speed_threshold
live,2026-08-07T07:21:53+00:00,28417004,osm-way-28417004-forward,25.0,12.357,raw,0.0,True,,346.869,18.76,17.436664,15.660665,1.775999,15.436664,15.660665,17.436664,56.394,0.0,False,speed_threshold
live,2026-08-07T07:21:53+00:00,28417004,osm-way-28417004-forward,25.0,12.357,conditioned,25.0,True,,346.873,18.255,16.357124,14.563037,1.794087,14.357124,14.563037,16.357124,58.045,0.0,False,speed_threshold
live,2026-08-07T07:21:53+00:00,28429107,osm-way-28429107-forward,2.0,1.847,raw,0.0,True,,293.746,-27.1,32.758836,32.758836,0.0,,,,293.746,16.092022,True,route_end
live,2026-08-07T07:21:53+00:00,28429107,osm-way-28429107-forward,2.0,1.847,conditioned,25.0,True,,293.257,-25.464,33.508627,33.508627,0.0,,,,293.257,15.219623,True,route_end
live,2026-08-07T07:21:53+00:00,28429107,osm-way-28429107-forward,5.0,4.23,raw,0.0,True,,293.5,-27.1,32.726237,32.726237,0.0,,,,293.5,16.102401,True,route_end
live,2026-08-07T07:21:53+00:00,28429107,osm-way-28429107-forward,5.0,4.23,conditioned,25.0,True,,293.354,-25.946,33.560445,33.560445,0.0,,,,293.354,15.505747,True,route_end
live,2026-08-07T07:21:53+00:00,28429107,osm-way-28429107-forward,10.0,7.118,raw,0.0,True,,293.454,-27.1,32.681108,32.681108,0.0,,,,293.454,16.090803,True,route_end
live,2026-08-07T07:21:53+00:00,28429107,osm-way-28429107-forward,10.0,7.118,conditioned,25.0,True,,293.352,-25.882,33.493702,33.493702,0.0,,,,293.352,15.440542,True,route_end
live,2026-08-07T07:21:53+00:00,28429107,osm-way-28429107-forward,25.0,11.225,raw,0.0,True,,293.418,-27.1,32.580399,32.580399,0.0,,,,293.418,16.077814,True,route_end
live,2026-08-07T07:21:53+00:00,28429107,osm-way-28429107-forward,25.0,11.225,conditioned,25.0,True,,293.566,-25.882,33.595322,33.595322,0.0,,,,293.566,15.411051,True,route_end
live,2026-08-07T07:21:53+00:00,49210503,osm-way-49210503-forward,2.0,1.908,raw,0.0,False,5 segment(s) exceed |grade| 0.5,326.861,-3.13,,,,,,,,,,
live,2026-08-07T07:21:53+00:00,49210503,osm-way-49210503-forward,2.0,1.908,conditioned,25.0,True,,318.99,-5.241,81.275993,81.275993,0.0,,,,318.99,4.50904,True,route_end
live,2026-08-07T07:21:53+00:00,49210503,osm-way-49210503-forward,5.0,4.552,raw,0.0,False,3 segment(s) exceed |grade| 0.5,325.38,-3.13,,,,,,,,,,
live,2026-08-07T07:21:53+00:00,49210503,osm-way-49210503-forward,5.0,4.552,conditioned,25.0,True,,319.032,-5.053,7.240225,5.513976,1.72625,5.240225,5.513976,7.240225,13.815,0.0,False,speed_threshold
live,2026-08-07T07:21:53+00:00,49210503,osm-way-49210503-forward,10.0,8.384,raw,0.0,True,,319.238,-3.13,3.081656,1.166147,1.915509,1.081656,1.166147,3.081656,2.422,0.0,False,speed_threshold
live,2026-08-07T07:21:53+00:00,49210503,osm-way-49210503-forward,10.0,8.384,conditioned,25.0,True,,318.758,-4.595,6.130369,4.376672,1.753697,4.130369,4.376672,6.130369,10.405,0.0,False,speed_threshold
live,2026-08-07T07:21:53+00:00,49210503,osm-way-49210503-forward,25.0,18.742,raw,0.0,True,,318.95,-3.13,4.084979,2.248808,1.836172,2.084979,2.248808,4.084979,4.658,0.0,False,speed_threshold
live,2026-08-07T07:21:53+00:00,49210503,osm-way-49210503-forward,25.0,18.742,conditioned,25.0,True,,318.95,-3.13,4.084979,2.248808,1.836172,2.084979,2.248808,4.084979,4.658,0.0,False,speed_threshold
live,2026-08-07T07:21:53+00:00,36939194,osm-way-36939194-forward,2.0,1.943,raw,0.0,True,,547.751,0.76,3.48357,1.627878,1.855691,1.48357,1.627878,3.48357,2.997,0.0,False,speed_threshold
live,2026-08-07T07:21:53+00:00,36939194,osm-way-36939194-forward,2.0,1.943,conditioned,25.0,True,,546.197,-1.076,9.418575,8.130347,1.288228,7.418575,8.130347,9.418575,16.721,0.0,False,speed_threshold
live,2026-08-07T07:21:53+00:00,36939194,osm-way-36939194-forward,5.0,4.588,raw,0.0,True,,546.717,0.76,3.485691,1.585158,1.900532,1.485691,1.585158,3.485691,3.512,0.0,False,speed_threshold
live,2026-08-07T07:21:53+00:00,36939194,osm-way-36939194-forward,5.0,4.588,conditioned,25.0,True,,546.236,-0.611,7.641653,5.98488,1.656773,5.641653,5.98488,7.641653,12.538,0.0,False,speed_threshold
live,2026-08-07T07:21:53+00:00,36939194,osm-way-36939194-forward,10.0,8.4,raw,0.0,True,,546.586,0.76,3.440834,1.55362,1.887214,1.440834,1.55362,3.440834,3.223,0.0,False,speed_threshold
live,2026-08-07T07:21:53+00:00,36939194,osm-way-36939194-forward,10.0,8.4,conditioned,25.0,True,,546.209,-0.78,8.389213,6.768305,1.620909,6.389213,6.768305,8.389213,15.571,0.0,False,speed_threshold
live,2026-08-07T07:21:53+00:00,36939194,osm-way-36939194-forward,25.0,18.199,raw,0.0,True,,546.517,0.76,3.440834,1.55362,1.887214,1.440834,1.55362,3.440834,3.223,0.0,False,speed_threshold
live,2026-08-07T07:21:53+00:00,36939194,osm-way-36939194-forward,25.0,18.199,conditioned,25.0,True,,546.244,-0.54,8.222772,6.58224,1.640532,6.222772,6.58224,8.222772,15.303,0.0,False,speed_threshold
live,2026-08-07T07:21:53+00:00,363222611,osm-way-363222611-forward,2.0,1.623,raw,0.0,False,1 segment(s) exceed |grade| 0.5,633.462,-91.79,,,,,,,,,,
live,2026-08-07T07:21:53+00:00,363222611,osm-way-363222611-forward,2.0,1.623,conditioned,25.0,True,,631.383,-90.517,40.088575,40.088575,0.0,,,,631.383,17.506892,True,route_end
live,2026-08-07T07:21:53+00:00,363222611,osm-way-363222611-forward,5.0,3.116,raw,0.0,True,,632.757,-91.79,40.275166,40.275166,0.0,,,,632.757,17.991962,True,route_end
live,2026-08-07T07:21:53+00:00,363222611,osm-way-363222611-forward,5.0,3.116,conditioned,25.0,False,1 segment(s) exceed |grade| 0.5,632.008,-90.542,,,,,,,,,,
live,2026-08-07T07:21:53+00:00,363222611,osm-way-363222611-forward,10.0,4.073,raw,0.0,True,,632.649,-91.79,40.251966,40.251966,0.0,,,,632.649,17.991622,True,route_end
live,2026-08-07T07:21:53+00:00,363222611,osm-way-363222611-forward,10.0,4.073,conditioned,25.0,False,1 segment(s) exceed |grade| 0.5,632.356,-90.704,,,,,,,,,,
live,2026-08-07T07:21:53+00:00,363222611,osm-way-363222611-forward,25.0,4.297,raw,0.0,True,,632.635,-91.79,40.24736,40.24736,0.0,,,,632.635,17.991803,True,route_end
live,2026-08-07T07:21:53+00:00,363222611,osm-way-363222611-forward,25.0,4.297,conditioned,25.0,False,1 segment(s) exceed |grade| 0.5,632.614,-90.697,,,,,,,,,,
live,2026-08-07T07:21:53+00:00,708124926,osm-way-708124926-forward,2.0,1.541,raw,0.0,True,,2017.489,-206.56,134.905032,134.905032,0.0,,,,2017.489,15.274275,True,route_end
live,2026-08-07T07:21:53+00:00,708124926,osm-way-708124926-forward,2.0,1.541,conditioned,25.0,True,,2011.874,-205.367,135.189903,135.189903,0.0,,,,2011.874,14.934307,True,route_end
live,2026-08-07T07:21:53+00:00,708124926,osm-way-708124926-forward,5.0,2.8,raw,0.0,True,,2015.574,-206.56,134.70909,134.70909,0.0,,,,2015.574,15.284972,True,route_end
live,2026-08-07T07:21:53+00:00,708124926,osm-way-708124926-forward,5.0,2.8,conditioned,25.0,True,,2012.187,-205.513,134.938375,134.938375,0.0,,,,2012.187,14.934773,True,route_end
live,2026-08-07T07:21:53+00:00,708124926,osm-way-708124926-forward,10.0,3.214,raw,0.0,True,,2015.404,-206.56,134.62257,134.62257,0.0,,,,2015.404,15.277688,True,route_end
live,2026-08-07T07:21:53+00:00,708124926,osm-way-708124926-forward,10.0,3.214,conditioned,25.0,True,,2012.921,-205.68,134.991955,134.991955,0.0,,,,2012.921,15.079416,True,route_end
live,2026-08-07T07:21:53+00:00,708124926,osm-way-708124926-forward,25.0,3.332,raw,0.0,True,,2015.378,-206.56,134.61504,134.61504,0.0,,,,2015.378,15.284565,True,route_end
live,2026-08-07T07:21:53+00:00,708124926,osm-way-708124926-forward,25.0,3.332,conditioned,25.0,True,,2013.113,-206.56,134.198026,134.198026,0.0,,,,2013.113,15.316956,True,route_end
