scenario,rank,distance_unbraked_m,distance_ideal_m,distance_anticipated_m,relative_difference,braking_cost_vs_unbraked,energy_ideal_j,energy_anticipated_j,braking_distance_ideal_m,braking_distance_anticipated_m,binding_constraints_ideal,binding_constraints_anticipated,braking_substeps_ideal,braking_substeps_anticipated,max_free_speed_km_h,max_speed_reached_km_h,brake_deceleration_m_s2
paved_reference,1,4506.0,4494.8,4494.8,0.0,0.00248,52020.6,54589.6,319.9,469.8,19,27,873,1210,55.1,55.1,1.5
paved_reference,2,4237.3,4179.0,4178.6,7.9e-05,0.013761,59036.5,61951.0,351.0,512.4,22,30,949,1314,55.1,55.1,1.5
paved_reference,3,4536.0,3965.1,3964.7,0.000102,0.125859,29663.5,31232.4,219.7,301.4,14,18,519,691,55.1,55.1,1.5
paved_reference,4,3821.0,3809.8,3809.8,0.0,0.002924,47274.7,49629.3,270.3,407.5,18,25,760,1069,55.1,55.1,1.5
paved_reference,5,3690.8,3679.7,3679.7,0.0,0.003027,41286.8,43545.0,244.5,374.0,16,23,687,982,55.1,55.1,1.5
paved_reference,6,3552.2,3493.9,3493.6,9.4e-05,0.016415,54290.6,56990.7,301.5,450.0,21,28,836,1173,55.1,55.1,1.5
paved_reference,7,3422.1,3363.8,3363.5,9.8e-05,0.017039,48302.7,50906.4,275.6,416.5,19,26,763,1086,55.1,55.1,1.5
paved_reference,8,3850.9,3280.1,3279.6,0.000123,0.148248,24917.6,26272.1,170.2,239.1,13,16,406,550,55.1,55.1,1.5
paved_reference,9,3720.8,3149.9,3149.5,0.000128,0.153433,18929.7,20187.8,144.3,205.6,11,14,333,463,55.1,55.1,1.5
paved_reference,10,2826.8,2798.0,2794.4,0.001301,0.0102,30620.5,33231.3,223.4,350.1,16,19,660,919,55.5,55.5,1.5
paved_reference,11,2700.8,2700.8,2700.8,0.0,0.0,85364.5,89685.3,479.9,748.7,32,43,1044,1527,63.7,63.6,1.5
paved_reference,12,2642.0,2642.0,2642.0,0.0,0.0,70739.6,75834.1,492.5,741.9,28,43,1168,1670,69.1,68.9,1.5
paved_reference,13,2622.3,2622.3,2622.3,0.0,0.0,77698.2,84716.3,499.9,799.3,29,45,1188,1747,58.3,58.3,1.5
paved_reference,14,2590.1,2587.5,2587.5,0.0,0.001025,52526.4,55362.6,330.8,469.8,19,26,879,1187,51.8,51.8,1.5
paved_reference,15,2558.0,2558.0,2558.0,0.0,0.0,71854.2,76927.4,516.4,758.6,29,45,1254,1736,69.1,68.9,1.5
paved_reference,16,2373.2,2373.2,2373.2,0.0,0.0,57888.2,63945.9,263.9,513.7,17,30,653,1139,60.2,60.1,1.5
paved_reference,17,2347.8,2347.8,2347.8,0.0,0.0,62363.1,66982.0,411.6,624.8,23,36,844,1240,69.1,68.9,1.5
paved_reference,18,2344.5,2296.4,2294.9,0.000634,0.020523,65848.1,69151.6,410.3,635.6,30,38,877,1276,63.7,63.6,1.5
paved_reference,19,2294.5,2278.2,2278.1,2.3e-05,0.007128,20948.6,21839.7,145.5,201.2,12,15,353,485,47.2,47.2,1.5
paved_reference,20,2236.4,2236.4,2236.4,0.0,0.0,24086.0,25103.6,158.3,219.2,12,16,360,489,51.8,51.7,1.5
reference_vtc,1,6291.2,6291.2,6291.2,0.0,0.0,93855.0,100709.9,513.5,837.3,32,54,1337,2009,68.5,68.3,1.5
reference_vtc,2,6253.6,6253.6,6253.6,0.0,0.0,81597.0,87978.7,441.1,754.8,28,47,1183,1834,56.9,56.9,1.5
reference_vtc,3,6174.7,6174.7,6174.7,0.0,0.0,95638.1,102506.1,568.3,892.1,37,59,1504,2177,68.5,68.3,1.5
reference_vtc,4,6159.2,6159.2,6159.2,0.0,0.0,95801.4,102684.2,559.6,882.2,37,58,1462,2131,68.5,68.3,1.5
reference_vtc,5,6141.2,6141.2,6141.2,0.0,0.0,94575.6,101765.1,505.0,843.1,31,53,1293,1992,68.5,68.3,1.5
reference_vtc,6,6096.0,6096.0,6096.0,0.0,0.0,93149.8,100022.0,522.5,835.9,33,55,1346,2000,68.5,68.3,1.5
reference_vtc,7,6058.4,6058.4,6058.4,0.0,0.0,80823.8,87255.9,440.0,746.5,29,47,1174,1812,56.9,56.9,1.5
reference_vtc,8,5979.5,5979.5,5979.5,0.0,0.0,94932.9,101818.2,577.3,890.6,38,60,1513,2168,68.5,68.3,1.5
reference_vtc,9,5964.0,5964.0,5964.0,0.0,0.0,95053.8,101954.0,568.6,880.8,37,58,1468,2119,68.5,68.3,1.5
reference_vtc,10,5946.1,5946.1,5946.1,0.0,0.0,93870.3,101077.2,514.0,841.7,32,54,1302,1983,68.5,68.3,1.5
reference_vtc,11,5204.6,5162.4,5162.4,0.0,0.008119,67339.4,70713.2,424.2,598.0,26,41,1034,1387,68.5,68.3,1.5
reference_vtc,12,5219.3,5149.6,5149.4,4.8e-05,0.013337,58091.4,61140.4,358.4,542.0,24,36,929,1320,54.9,54.9,1.5
reference_vtc,13,5088.2,5045.8,5045.8,0.0,0.008319,69122.4,72509.3,478.9,652.8,31,46,1201,1555,68.5,68.3,1.5
reference_vtc,14,5072.7,5030.4,5030.4,0.0,0.008348,69285.7,72687.5,470.3,642.9,31,45,1159,1509,68.5,68.3,1.5
reference_vtc,15,7136.1,5024.1,5024.0,2.1e-05,0.295959,40176.6,42157.1,281.9,409.7,20,27,745,1021,54.9,54.9,1.5
reference_vtc,16,5054.8,5012.4,5012.4,0.0,0.008383,68059.9,71768.4,415.7,603.8,25,40,990,1370,68.5,68.3,1.5
reference_vtc,17,7099.5,4987.6,4987.4,2.2e-05,0.297483,40487.0,42505.8,292.4,428.2,21,29,789,1090,54.9,54.9,1.5
reference_vtc,18,5009.5,4967.2,4967.2,0.0,0.008436,66634.1,70025.3,433.1,596.6,27,42,1043,1378,68.5,68.3,1.5
reference_vtc,19,7075.8,4963.8,4963.7,2.2e-05,0.298481,39898.3,41906.8,266.6,400.8,19,27,689,984,54.9,54.9,1.5
reference_vtc,20,5024.1,4954.5,4954.2,5e-05,0.013855,57318.2,60417.5,357.3,533.7,25,36,920,1298,54.9,54.9,1.5
