rank,distance_m,elapsed_time_s,moving_time_s,start_elevation_m,end_elevation_m,net_dz_m,ascent_crossed_m,descent_m,mean_speed_km_h,max_speed_km_h,max_free_speed_km_h,min_speed_before_stop_km_h,braking_constrained,braking_energy_j,braking_distance_m,active_constraints,braking_substeps,restart_count,distance_to_5kmh_m,distance_to_1kmh_m,distance_to_030ms_m,surface_mix,surface_assumed_share,termination,stop_reason,start_lat,start_lon,end_lat,end_lon,start_offset_m,roads,edges_used,osm_way_ids,start_osm_url,edge_ids,scenario
1,4494.8,490.5,490.5,1636.1,1355.9,-280.3,15.9,296.2,32.99,55.12,55.12,0.09,True,52020.6,319.9,19,873,0,4493.2,4494.8,4494.8,asphalt_good=100%,0.0,definitive_stop,definitive_stop,45.052416,6.076533,45.047246,6.084524,0.0,Rue de Piégut > Rue de la Piscine > D 211e > Rue Sainte Marie > Rue du Pissaille > D 211G,18,49164994;186907705;935439941;187059537;186901645;186901646;760412724;222919304,https://www.openstreetmap.org/way/49164994,osm-49164994-0-forward;osm-49164994-1-forward;osm-49164994-2-forward;osm-186907705-1-forward;osm-935439941-0-forward;osm-187059537-0-forward;osm-187059537-1-forward;osm-187059537-2-forward;osm-186901645-1-reverse;osm-186901645-0-reverse;osm-186901646-3-reverse;osm-186901646-2-reverse;osm-186901646-1-reverse;osm-186901646-0-reverse;osm-760412724-0-forward;osm-760412724-1-forward;osm-760412724-2-forward;osm-222919304-0-forward,paved_reference
2,4179.0,450.5,450.5,1636.1,1378.5,-257.6,17.8,275.4,33.39,55.12,55.12,0.36,True,59036.5,351.0,22,949,0,4178.7,4179.0,4179.0,asphalt_good=100%,0.0,definitive_stop,definitive_stop,45.052416,6.076533,45.05079,6.084685,0.0,Rue de Piégut > Rue de la Piscine > D 211e > Rue Sainte Marie > Rue du Pissaille > D 211G > Rue de la Grande Fontaine,17,49164994;186907705;935439941;187059537;186901645;186901646;760412724;760412717,https://www.openstreetmap.org/way/49164994,osm-49164994-0-forward;osm-49164994-1-forward;osm-49164994-2-forward;osm-186907705-1-forward;osm-935439941-0-forward;osm-187059537-0-forward;osm-187059537-1-forward;osm-187059537-2-forward;osm-186901645-1-reverse;osm-186901645-0-reverse;osm-186901646-3-reverse;osm-186901646-2-reverse;osm-186901646-1-reverse;osm-186901646-0-reverse;osm-760412724-0-forward;osm-760412724-1-forward;osm-760412717-0-reverse,paved_reference
3,3965.1,416.8,416.8,1636.1,1355.9,-280.3,9.9,290.2,34.25,55.12,55.12,0.33,True,29663.5,219.7,14,519,0,3964.6,3965.1,3965.1,asphalt_good=100%,0.0,definitive_stop,definitive_stop,45.052416,6.076533,45.047246,6.084524,0.0,Rue de Piégut > Rue de la Piscine > D 211e,9,49164994;186907705;935439941;187059537;560199122,https://www.openstreetmap.org/way/49164994,osm-49164994-0-forward;osm-49164994-1-forward;osm-49164994-2-forward;osm-186907705-1-forward;osm-935439941-0-forward;osm-187059537-0-forward;osm-187059537-1-forward;osm-187059537-2-forward;osm-560199122-0-forward,paved_reference
4,3809.8,387.6,387.6,1608.5,1355.9,-252.6,12.3,264.9,35.39,55.12,55.12,0.09,True,47274.7,270.3,18,760,0,3808.1,3809.7,3809.7,asphalt_good=100%,0.0,definitive_stop,definitive_stop,45.057327,6.077078,45.047246,6.084524,0.0,Rue du Col > D 211e > Rue Sainte Marie > Rue du Pissaille > D 211G,13,49164999;187059537;186901645;186901646;760412724;222919304,https://www.openstreetmap.org/way/49164999,osm-49164999-0-reverse;osm-187059537-1-forward;osm-187059537-2-forward;osm-186901645-1-reverse;osm-186901645-0-reverse;osm-186901646-3-reverse;osm-186901646-2-reverse;osm-186901646-1-reverse;osm-186901646-0-reverse;osm-760412724-0-forward;osm-760412724-1-forward;osm-760412724-2-forward;osm-222919304-0-forward,paved_reference
5,3679.7,397.9,397.9,1589.3,1355.9,-233.4,12.4,245.8,33.29,55.12,55.12,0.09,True,41286.8,244.5,16,687,0,3678.0,3679.6,3679.6,asphalt_good=100%,0.0,definitive_stop,definitive_stop,45.05581,6.077537,45.047246,6.084524,0.0,service > D 211e > Rue Sainte Marie > Rue du Pissaille > D 211G,17,1018237136;560199123;1354478669;935439941;187059537;186901645;186901646;760412724;222919304,https://www.openstreetmap.org/way/1018237136,osm-1018237136-0-reverse;osm-560199123-2-forward;osm-1354478669-0-forward;osm-935439941-0-forward;osm-187059537-0-forward;osm-187059537-1-forward;osm-187059537-2-forward;osm-186901645-1-reverse;osm-186901645-0-reverse;osm-186901646-3-reverse;osm-186901646-2-reverse;osm-186901646-1-reverse;osm-186901646-0-reverse;osm-760412724-0-forward;osm-760412724-1-forward;osm-760412724-2-forward;osm-222919304-0-forward,paved_reference
6,3493.9,347.7,347.7,1608.5,1378.5,-230.0,14.1,244.1,36.18,55.12,55.12,0.36,True,54290.6,301.5,21,836,0,3493.7,3493.9,3493.9,asphalt_good=100%,0.0,definitive_stop,definitive_stop,45.057327,6.077078,45.05079,6.084685,0.0,Rue du Col > D 211e > Rue Sainte Marie > Rue du Pissaille > D 211G > Rue de la Grande Fontaine,12,49164999;187059537;186901645;186901646;760412724;760412717,https://www.openstreetmap.org/way/49164999,osm-49164999-0-reverse;osm-187059537-1-forward;osm-187059537-2-forward;osm-186901645-1-reverse;osm-186901645-0-reverse;osm-186901646-3-reverse;osm-186901646-2-reverse;osm-186901646-1-reverse;osm-186901646-0-reverse;osm-760412724-0-forward;osm-760412724-1-forward;osm-760412717-0-reverse,paved_reference
7,3363.8,358.0,358.0,1589.3,1378.5,-210.8,14.3,225.0,33.83,55.12,55.12,0.36,True,48302.7,275.6,19,763,0,3363.5,3363.8,3363.8,asphalt_good=100%,0.0,definitive_stop,definitive_stop,45.05581,6.077537,45.05079,6.084685,0.0,service > D 211e > Rue Sainte Marie > Rue du Pissaille > D 211G > Rue de la Grande Fontaine,16,1018237136;560199123;1354478669;935439941;187059537;186901645;186901646;760412724;760412717,https://www.openstreetmap.org/way/1018237136,osm-1018237136-0-reverse;osm-560199123-2-forward;osm-1354478669-0-forward;osm-935439941-0-forward;osm-187059537-0-forward;osm-187059537-1-forward;osm-187059537-2-forward;osm-186901645-1-reverse;osm-186901645-0-reverse;osm-186901646-3-reverse;osm-186901646-2-reverse;osm-186901646-1-reverse;osm-186901646-0-reverse;osm-760412724-0-forward;osm-760412724-1-forward;osm-760412717-0-reverse,paved_reference
8,3280.1,313.9,313.9,1608.5,1355.9,-252.6,6.3,258.9,37.61,55.12,55.12,0.33,True,24917.6,170.2,13,406,0,3279.5,3280.0,3280.0,asphalt_good=100%,0.0,definitive_stop,definitive_stop,45.057327,6.077078,45.047246,6.084524,0.0,Rue du Col > D 211e,4,49164999;187059537;560199122,https://www.openstreetmap.org/way/49164999,osm-49164999-0-reverse;osm-187059537-1-forward;osm-187059537-2-forward;osm-560199122-0-forward,paved_reference
9,3149.9,324.2,324.2,1589.3,1355.9,-233.4,6.4,239.8,34.98,55.12,55.12,0.33,True,18929.7,144.3,11,333,0,3149.4,3149.9,3149.9,asphalt_good=100%,0.0,definitive_stop,definitive_stop,45.05581,6.077537,45.047246,6.084524,0.0,service > D 211e,8,1018237136;560199123;1354478669;935439941;187059537;560199122,https://www.openstreetmap.org/way/1018237136,osm-1018237136-0-reverse;osm-560199123-2-forward;osm-1354478669-0-forward;osm-935439941-0-forward;osm-187059537-0-forward;osm-187059537-1-forward;osm-187059537-2-forward;osm-560199122-0-forward,paved_reference
10,2798.0,284.3,284.3,1047.6,850.6,-197.0,18.7,215.7,35.43,55.54,55.54,0.28,True,30620.5,223.4,16,660,0,2797.4,2798.0,2798.0,asphalt_good=100%,0.0,definitive_stop,definitive_stop,45.119779,6.043061,45.127451,6.047481,0.0,Route de Sardonne > D 44B,2,39182590;222916418,https://www.openstreetmap.org/way/39182590,osm-39182590-0-reverse;osm-222916418-0-reverse,paved_reference
11,2700.8,272.5,272.5,1216.6,968.4,-248.2,12.4,260.6,35.69,63.63,63.66,4.3,True,85364.5,479.9,32,1044,0,1856.9,,,asphalt_good=100%,0.0,no_admissible_continuation,route_end,45.157599,6.073429,45.149578,6.054621,0.0,D 43a,19,1082733498;1082749713;1082749716;1082749715;1082749714;1082749720;1082749721;236754704,https://www.openstreetmap.org/way/1082733498,osm-1082733498-2-forward;osm-1082749713-0-forward;osm-1082749713-1-forward;osm-1082749713-2-forward;osm-1082749713-3-forward;osm-1082749716-0-forward;osm-1082749715-0-forward;osm-1082749715-1-forward;osm-1082749715-2-forward;osm-1082749715-3-forward;osm-1082749715-4-forward;osm-1082749714-0-forward;osm-1082749720-1-reverse;osm-1082749720-0-reverse;osm-1082749721-0-forward;osm-236754704-0-forward;osm-236754704-1-forward;osm-236754704-2-forward;osm-236754704-3-forward,paved_reference
12,2642.0,271.1,271.1,1195.2,980.0,-215.2,8.0,223.2,35.08,68.89,69.14,14.35,True,70739.6,492.5,28,1168,0,,,,asphalt_good=100%,0.0,network_end,route_end,45.055265,6.054072,45.069866,6.053394,0.0,Chemin Louis Frederic Vieux > Route de Maronne > Place de la Fontaine > Route de Maronne > D 211a,13,483124975;232729093;1093032921;1093032922;1093032929;1093032928;1148550235;1148550234;187058987,https://www.openstreetmap.org/way/483124975,osm-483124975-0-reverse;osm-232729093-2-forward;osm-1093032921-0-forward;osm-1093032922-0-forward;osm-1093032929-1-forward;osm-1093032929-2-forward;osm-1093032928-0-forward;osm-1093032928-1-forward;osm-1148550235-0-forward;osm-1148550235-1-forward;osm-1148550235-2-forward;osm-1148550234-0-forward;osm-187058987-0-forward,paved_reference
13,2622.3,239.1,239.1,983.8,723.1,-260.6,1.6,262.2,39.48,58.28,58.3,15.0,True,77698.2,499.9,29,1188,0,,,,asphalt_good=100%,0.0,network_end,route_end,45.067344,6.044125,45.064366,6.039174,0.0,D 211,8,1408117697;1093032931;1408117701;1408117702;1408117698;1462422581;1408117700;184567301,https://www.openstreetmap.org/way/1408117697,osm-1408117697-0-forward;osm-1093032931-0-forward;osm-1408117701-0-forward;osm-1408117702-0-forward;osm-1408117698-0-forward;osm-1462422581-0-forward;osm-1408117700-0-forward;osm-184567301-0-forward,paved_reference
14,2587.5,301.2,301.2,1555.3,1369.2,-186.1,20.4,206.5,30.93,51.8,51.8,0.04,True,52526.4,330.8,19,879,0,2586.2,2587.4,2587.4,asphalt_good=100%,0.0,definitive_stop,definitive_stop,45.09611,6.163504,45.072947,6.156701,0.0,unclassified > D 25A,7,132974155;224234410;359882603;232744091;1444245431;219661707;224234409,https://www.openstreetmap.org/way/132974155,osm-132974155-0-reverse;osm-224234410-0-forward;osm-359882603-0-forward;osm-232744091-0-forward;osm-1444245431-0-forward;osm-219661707-0-forward;osm-224234409-0-forward,paved_reference
15,2558.0,257.5,257.5,1194.5,980.0,-214.6,7.2,221.8,35.76,68.89,69.14,15.0,True,71854.2,516.4,29,1254,0,,,,asphalt_good=100%,0.0,network_end,route_end,45.056385,6.053089,45.069866,6.053394,0.0,Route de Maronne > Place de la Fontaine > Route de Maronne > D 211a,13,232729093;1093032921;1093032922;1093032929;1093032928;1148550235;1148550234;187058987,https://www.openstreetmap.org/way/232729093,osm-232729093-1-forward;osm-232729093-2-forward;osm-1093032921-0-forward;osm-1093032922-0-forward;osm-1093032929-1-forward;osm-1093032929-2-forward;osm-1093032928-0-forward;osm-1093032928-1-forward;osm-1148550235-0-forward;osm-1148550235-1-forward;osm-1148550235-2-forward;osm-1148550234-0-forward;osm-187058987-0-forward,paved_reference
16,2373.2,220.0,220.0,1827.9,1600.0,-227.9,0.3,228.2,38.84,60.14,60.18,15.0,True,57888.2,263.9,17,653,0,,,,asphalt_good=100%,0.0,network_end,route_end,45.093237,6.067371,45.086881,6.058396,0.0,Chemin des Bergers > Chemin du Chamont > D 211,19,105307283;105310862;119437611;264130580;724634109;1462422580;264100584;28437435,https://www.openstreetmap.org/way/105307283,osm-105307283-2-reverse;osm-105310862-0-forward;osm-105310862-1-forward;osm-119437611-0-forward;osm-264130580-1-forward;osm-264130580-2-forward;osm-724634109-0-forward;osm-724634109-1-forward;osm-724634109-2-forward;osm-724634109-3-forward;osm-724634109-4-forward;osm-724634109-5-forward;osm-1462422580-0-forward;osm-1462422580-1-forward;osm-1462422580-2-forward;osm-264100584-0-forward;osm-264100584-1-forward;osm-264100584-2-forward;osm-28437435-0-forward,paved_reference
17,2347.8,221.2,221.2,1180.2,980.0,-200.2,7.2,207.4,38.22,68.89,69.14,15.0,True,62363.1,411.6,23,844,0,,,,asphalt_good=100%,0.0,network_end,route_end,45.054825,6.05471,45.069866,6.053394,0.0,D 211a,10,1093032929;1093032928;1148550235;1148550234;187058987,https://www.openstreetmap.org/way/1093032929,osm-1093032929-0-forward;osm-1093032929-1-forward;osm-1093032929-2-forward;osm-1093032928-0-forward;osm-1093032928-1-forward;osm-1148550235-0-forward;osm-1148550235-1-forward;osm-1148550235-2-forward;osm-1148550234-0-forward;osm-187058987-0-forward,paved_reference
18,2296.4,235.9,235.9,1216.6,1054.1,-162.4,78.2,240.6,35.04,63.63,63.66,0.07,True,65848.1,410.3,30,877,0,1856.9,2296.3,2296.2,asphalt_good=100%,0.0,definitive_stop,definitive_stop,45.157599,6.073429,45.152007,6.072441,0.0,D 43a > Route de l'Enversin,14,1082733498;1082749713;1082749716;1082749715;1082749714;1082749717;97976238,https://www.openstreetmap.org/way/1082733498,osm-1082733498-2-forward;osm-1082749713-0-forward;osm-1082749713-1-forward;osm-1082749713-2-forward;osm-1082749713-3-forward;osm-1082749716-0-forward;osm-1082749715-0-forward;osm-1082749715-1-forward;osm-1082749715-2-forward;osm-1082749715-3-forward;osm-1082749715-4-forward;osm-1082749714-0-forward;osm-1082749717-0-forward;osm-97976238-0-forward,paved_reference
19,2278.2,315.6,315.6,1909.6,1810.3,-99.3,19.6,118.9,25.99,47.16,47.16,0.1,True,20948.6,145.5,12,353,0,2277.6,2278.2,2278.2,asphalt_good=100%,0.0,definitive_stop,definitive_stop,45.10331,6.066727,45.091948,6.066536,0.0,Route des Lacs > Rond-Point des Pistes > Rue du Pic Blanc > D 211F > Rond-Point du Tour de France > Avenue de l'Étendard > Promenade Clotaire Collomb > Rue de la Grenouillère > Avenue des Jeux > Avenue de Brandes ...,31,905944752;234171512;40188688;222918435;1306494913;1306494907;264100535;264100533;1040486385;1040486390;28476170;91229843;1054770671;28476168;119740916;28429105;1054770672;28429107;76178976;105307283,https://www.openstreetmap.org/way/905944752,osm-905944752-0-forward;osm-234171512-0-forward;osm-40188688-0-forward;osm-222918435-0-forward;osm-1306494913-0-forward;osm-1306494907-0-forward;osm-264100535-0-forward;osm-264100535-1-forward;osm-264100535-2-forward;osm-264100535-3-forward;osm-264100535-4-forward;osm-264100535-5-forward;osm-264100535-6-forward;osm-264100533-0-forward;osm-1040486385-0-forward;osm-1040486390-0-forward;osm-28476170-1-reverse;osm-91229843-6-reverse;osm-1054770671-0-forward;osm-1054770671-1-forward;osm-28476168-2-forward;osm-28476168-3-forward;osm-28476168-4-forward;osm-119740916-0-forward;osm-119740916-1-forward;osm-28429105-0-forward;osm-1054770672-0-forward;osm-28429107-0-forward;osm-28429107-1-forward;osm-76178976-0-forward;osm-105307283-0-forward,paved_reference
20,2236.4,285.6,285.6,1909.6,1780.0,-129.7,1.4,131.1,28.19,51.65,51.77,9.3,True,24086.0,158.3,12,360,0,,,,asphalt_good=100%,0.0,network_end,route_end,45.10331,6.066727,45.090272,6.065647,0.0,Route des Lacs > Rond-Point des Pistes > Rue du Pic Blanc > D 211F > Rond-Point du Tour de France > Avenue de l'Étendard > Promenade Clotaire Collomb > Rue de la Grenouillère > Avenue des Jeux > Avenue de Brandes ...,33,905944752;234171512;40188688;222918435;1306494913;1306494907;264100535;264100533;1040486385;1040486390;28476170;91229843;1054770671;28476168;119740916;28429105;1054770672;28429107,https://www.openstreetmap.org/way/905944752,osm-905944752-0-forward;osm-234171512-0-forward;osm-40188688-0-forward;osm-222918435-0-forward;osm-1306494913-0-forward;osm-1306494907-0-forward;osm-264100535-0-forward;osm-264100535-1-forward;osm-264100535-2-forward;osm-264100535-3-forward;osm-264100535-4-forward;osm-264100535-5-forward;osm-264100535-6-forward;osm-264100533-0-forward;osm-1040486385-0-forward;osm-1040486390-0-forward;osm-28476170-1-reverse;osm-91229843-6-reverse;osm-1054770671-0-forward;osm-1054770671-1-forward;osm-28476168-2-forward;osm-28476168-3-forward;osm-28476168-4-forward;osm-119740916-0-forward;osm-119740916-1-forward;osm-28429105-0-forward;osm-1054770672-0-forward;osm-28429107-0-forward;osm-28429107-1-forward;osm-28429107-2-forward;osm-28429107-3-forward;osm-28429107-4-forward;osm-28429107-5-forward,paved_reference
1,6291.2,710.7,710.7,2043.3,1600.0,-443.3,7.5,450.8,31.87,68.29,68.49,8.62,True,93855.0,513.5,32,1337,0,,,,asphalt_degraded=34%;asphalt_good=66%,0.343,network_end,route_end,45.107316,6.081466,45.086881,6.058396,0.0,Route des Lacs > Rond-Point des Pistes > Rue du Pic Blanc > D 211F > Rond-Point du Tour de France > Avenue de l'Étendard > Promenade Clotaire Collomb > Rue de la Grenouillère > Avenue des Jeux > Avenue de Brandes ...,61,905950459;905944758;1082699911;905944753;905944752;234171512;40188688;222918435;1306494913;1306494907;264100535;264100533;1040486385;1040486390;28476170;91229843;1054770671;28476168;119740916;28429105;1054770672;28429107;1112039601;119437608;724628366;264130580;93964270;105506488;93964252;1054770663;1054770667;264100532;105500354;1010059118;105500342;724634109;1462422580;264100584;28437435,https://www.openstreetmap.org/way/905950459,osm-905950459-0-forward;osm-905950459-1-forward;osm-905944758-0-forward;osm-1082699911-0-forward;osm-905944753-0-forward;osm-905944752-0-forward;osm-234171512-0-forward;osm-40188688-0-forward;osm-222918435-0-forward;osm-1306494913-0-forward;osm-1306494907-0-forward;osm-264100535-0-forward;osm-264100535-1-forward;osm-264100535-2-forward;osm-264100535-3-forward;osm-264100535-4-forward;osm-264100535-5-forward;osm-264100535-6-forward;osm-264100533-0-forward;osm-1040486385-0-forward;osm-1040486390-0-forward;osm-28476170-1-reverse;osm-91229843-6-reverse;osm-1054770671-0-forward;osm-1054770671-1-forward;osm-28476168-2-forward;osm-28476168-3-forward;osm-28476168-4-forward;osm-119740916-0-forward;osm-119740916-1-forward;osm-28429105-0-forward;osm-1054770672-0-forward;osm-28429107-0-forward;osm-28429107-1-forward;osm-28429107-2-forward;osm-28429107-3-forward;osm-28429107-4-forward;osm-28429107-5-forward;osm-1112039601-0-forward;osm-119437608-0-forward;osm-724628366-0-forward;osm-264130580-0-forward;osm-93964270-0-forward;osm-105506488-2-reverse;osm-105506488-1-reverse;osm-93964252-1-reverse;osm-93964252-0-reverse;osm-1054770663-0-forward;osm-1054770667-0-forward;osm-264100532-0-forward;osm-105500354-0-forward;osm-1010059118-0-forward;osm-105500342-0-reverse;osm-724634109-5-forward;osm-1462422580-0-forward;osm-1462422580-1-forward;osm-1462422580-2-forward;osm-264100584-0-forward;osm-264100584-1-forward;osm-264100584-2-forward;osm-28437435-0-forward,reference_vtc
2,6253.6,685.0,685.0,2043.3,1600.0,-443.3,2.8,446.1,32.86,56.88,56.88,6.91,True,81597.0,441.1,28,1183,0,,,,asphalt_degraded=32%;asphalt_good=68%,0.316,network_end,route_end,45.107316,6.081466,45.086881,6.058396,0.0,Route des Lacs > Rond-Point des Pistes > Rue du Pic Blanc > D 211F > Rond-Point du Tour de France > Avenue de l'Étendard > Promenade Clotaire Collomb > Rue de la Grenouillère > Avenue des Jeux > Avenue de Brandes ...,57,905950459;905944758;1082699911;905944753;905944752;234171512;40188688;222918435;1306494913;1306494907;264100535;264100533;1040486385;1040486390;28476170;91229843;1054770671;28476168;119740916;28429105;1054770672;28429107;1112039601;119437608;724628366;264130580;724634109;1462422580;264100584;28437435,https://www.openstreetmap.org/way/905950459,osm-905950459-0-forward;osm-905950459-1-forward;osm-905944758-0-forward;osm-1082699911-0-forward;osm-905944753-0-forward;osm-905944752-0-forward;osm-234171512-0-forward;osm-40188688-0-forward;osm-222918435-0-forward;osm-1306494913-0-forward;osm-1306494907-0-forward;osm-264100535-0-forward;osm-264100535-1-forward;osm-264100535-2-forward;osm-264100535-3-forward;osm-264100535-4-forward;osm-264100535-5-forward;osm-264100535-6-forward;osm-264100533-0-forward;osm-1040486385-0-forward;osm-1040486390-0-forward;osm-28476170-1-reverse;osm-91229843-6-reverse;osm-1054770671-0-forward;osm-1054770671-1-forward;osm-28476168-2-forward;osm-28476168-3-forward;osm-28476168-4-forward;osm-119740916-0-forward;osm-119740916-1-forward;osm-28429105-0-forward;osm-1054770672-0-forward;osm-28429107-0-forward;osm-28429107-1-forward;osm-28429107-2-forward;osm-28429107-3-forward;osm-28429107-4-forward;osm-28429107-5-forward;osm-1112039601-0-forward;osm-119437608-0-forward;osm-724628366-0-forward;osm-264130580-0-forward;osm-264130580-1-forward;osm-264130580-2-forward;osm-724634109-0-forward;osm-724634109-1-forward;osm-724634109-2-forward;osm-724634109-3-forward;osm-724634109-4-forward;osm-724634109-5-forward;osm-1462422580-0-forward;osm-1462422580-1-forward;osm-1462422580-2-forward;osm-264100584-0-forward;osm-264100584-1-forward;osm-264100584-2-forward;osm-28437435-0-forward,reference_vtc
3,6174.7,686.3,686.3,2043.3,1600.0,-443.3,5.7,449.0,32.39,68.29,68.49,9.3,True,95638.1,568.3,37,1504,0,,,,asphalt_degraded=34%;asphalt_good=66%,0.343,network_end,route_end,45.107316,6.081466,45.086881,6.058396,0.0,Route des Lacs > Rond-Point des Pistes > Rue du Pic Blanc > D 211F > Rond-Point du Tour de France > Avenue de l'Étendard > Promenade Clotaire Collomb > Rue de la Grenouillère > Avenue des Jeux > Avenue de Brandes ...,60,905950459;905944758;1082699911;905944753;905944752;234171512;40188688;222918435;1306494913;1306494907;264100535;264100533;1040486385;1040486390;28476170;91229843;1054770671;28476168;119740916;28429105;1054770672;28429107;1112039601;119437608;47637754;264100596;105500336;105506488;93964252;1054770663;1054770667;264100532;105500354;1010059118;105500342;724634109;1462422580;264100584;28437435,https://www.openstreetmap.org/way/905950459,osm-905950459-0-forward;osm-905950459-1-forward;osm-905944758-0-forward;osm-1082699911-0-forward;osm-905944753-0-forward;osm-905944752-0-forward;osm-234171512-0-forward;osm-40188688-0-forward;osm-222918435-0-forward;osm-1306494913-0-forward;osm-1306494907-0-forward;osm-264100535-0-forward;osm-264100535-1-forward;osm-264100535-2-forward;osm-264100535-3-forward;osm-264100535-4-forward;osm-264100535-5-forward;osm-264100535-6-forward;osm-264100533-0-forward;osm-1040486385-0-forward;osm-1040486390-0-forward;osm-28476170-1-reverse;osm-91229843-6-reverse;osm-1054770671-0-forward;osm-1054770671-1-forward;osm-28476168-2-forward;osm-28476168-3-forward;osm-28476168-4-forward;osm-119740916-0-forward;osm-119740916-1-forward;osm-28429105-0-forward;osm-1054770672-0-forward;osm-28429107-0-forward;osm-28429107-1-forward;osm-28429107-2-forward;osm-28429107-3-forward;osm-28429107-4-forward;osm-28429107-5-forward;osm-1112039601-0-forward;osm-119437608-0-forward;osm-47637754-0-forward;osm-264100596-0-forward;osm-105500336-3-reverse;osm-105506488-0-forward;osm-93964252-1-reverse;osm-93964252-0-reverse;osm-1054770663-0-forward;osm-1054770667-0-forward;osm-264100532-0-forward;osm-105500354-0-forward;osm-1010059118-0-forward;osm-105500342-0-reverse;osm-724634109-5-forward;osm-1462422580-0-forward;osm-1462422580-1-forward;osm-1462422580-2-forward;osm-264100584-0-forward;osm-264100584-1-forward;osm-264100584-2-forward;osm-28437435-0-forward,reference_vtc
4,6159.2,683.0,683.0,2043.3,1600.0,-443.3,5.7,449.0,32.46,68.29,68.49,9.3,True,95801.4,559.6,37,1462,0,,,,asphalt_degraded=34%;asphalt_good=66%,0.341,network_end,route_end,45.107316,6.081466,45.086881,6.058396,0.0,Route des Lacs > Rond-Point des Pistes > Rue du Pic Blanc > D 211F > Rond-Point du Tour de France > Avenue de l'Étendard > Promenade Clotaire Collomb > Rue de la Grenouillère > Avenue des Jeux > Avenue de Brandes ...,59,905950459;905944758;1082699911;905944753;905944752;234171512;40188688;222918435;1306494913;1306494907;264100535;264100533;1040486385;1040486390;28476170;91229843;1054770671;28476168;119740916;28429105;1054770672;28429107;1112039601;119437608;47637754;264100596;105500336;93964252;1054770663;1054770667;264100532;105500354;1010059118;105500342;724634109;1462422580;264100584;28437435,https://www.openstreetmap.org/way/905950459,osm-905950459-0-forward;osm-905950459-1-forward;osm-905944758-0-forward;osm-1082699911-0-forward;osm-905944753-0-forward;osm-905944752-0-forward;osm-234171512-0-forward;osm-40188688-0-forward;osm-222918435-0-forward;osm-1306494913-0-forward;osm-1306494907-0-forward;osm-264100535-0-forward;osm-264100535-1-forward;osm-264100535-2-forward;osm-264100535-3-forward;osm-264100535-4-forward;osm-264100535-5-forward;osm-264100535-6-forward;osm-264100533-0-forward;osm-1040486385-0-forward;osm-1040486390-0-forward;osm-28476170-1-reverse;osm-91229843-6-reverse;osm-1054770671-0-forward;osm-1054770671-1-forward;osm-28476168-2-forward;osm-28476168-3-forward;osm-28476168-4-forward;osm-119740916-0-forward;osm-119740916-1-forward;osm-28429105-0-forward;osm-1054770672-0-forward;osm-28429107-0-forward;osm-28429107-1-forward;osm-28429107-2-forward;osm-28429107-3-forward;osm-28429107-4-forward;osm-28429107-5-forward;osm-1112039601-0-forward;osm-119437608-0-forward;osm-47637754-0-forward;osm-264100596-0-forward;osm-105500336-3-reverse;osm-105500336-2-reverse;osm-93964252-0-reverse;osm-1054770663-0-forward;osm-1054770667-0-forward;osm-264100532-0-forward;osm-105500354-0-forward;osm-1010059118-0-forward;osm-105500342-0-reverse;osm-724634109-5-forward;osm-1462422580-0-forward;osm-1462422580-1-forward;osm-1462422580-2-forward;osm-264100584-0-forward;osm-264100584-1-forward;osm-264100584-2-forward;osm-28437435-0-forward,reference_vtc
5,6141.2,676.9,676.9,2043.3,1600.0,-443.3,5.7,449.0,32.66,68.29,68.49,9.3,True,94575.6,505.0,31,1293,0,,,,asphalt_degraded=34%;asphalt_good=66%,0.339,network_end,route_end,45.107316,6.081466,45.086881,6.058396,0.0,Route des Lacs > Rond-Point des Pistes > Rue du Pic Blanc > D 211F > Rond-Point du Tour de France > Avenue de l'Étendard > Promenade Clotaire Collomb > Rue de la Grenouillère > Avenue des Jeux > Avenue de Brandes ...,59,905950459;905944758;1082699911;905944753;905944752;234171512;40188688;222918435;1306494913;1306494907;264100535;264100533;1040486385;1040486390;28476170;91229843;1054770671;28476168;119740916;28429105;1054770672;28429107;1112039601;119437608;47637754;264100596;1054770668;1054770664;1054770663;1054770667;264100532;105500354;1010059118;105500342;724634109;1462422580;264100584;28437435,https://www.openstreetmap.org/way/905950459,osm-905950459-0-forward;osm-905950459-1-forward;osm-905944758-0-forward;osm-1082699911-0-forward;osm-905944753-0-forward;osm-905944752-0-forward;osm-234171512-0-forward;osm-40188688-0-forward;osm-222918435-0-forward;osm-1306494913-0-forward;osm-1306494907-0-forward;osm-264100535-0-forward;osm-264100535-1-forward;osm-264100535-2-forward;osm-264100535-3-forward;osm-264100535-4-forward;osm-264100535-5-forward;osm-264100535-6-forward;osm-264100533-0-forward;osm-1040486385-0-forward;osm-1040486390-0-forward;osm-28476170-1-reverse;osm-91229843-6-reverse;osm-1054770671-0-forward;osm-1054770671-1-forward;osm-28476168-2-forward;osm-28476168-3-forward;osm-28476168-4-forward;osm-119740916-0-forward;osm-119740916-1-forward;osm-28429105-0-forward;osm-1054770672-0-forward;osm-28429107-0-forward;osm-28429107-1-forward;osm-28429107-2-forward;osm-28429107-3-forward;osm-28429107-4-forward;osm-28429107-5-forward;osm-1112039601-0-forward;osm-119437608-0-forward;osm-47637754-0-forward;osm-264100596-0-forward;osm-264100596-1-forward;osm-1054770668-0-forward;osm-1054770664-0-forward;osm-1054770663-0-forward;osm-1054770667-0-forward;osm-264100532-0-forward;osm-105500354-0-forward;osm-1010059118-0-forward;osm-105500342-0-reverse;osm-724634109-5-forward;osm-1462422580-0-forward;osm-1462422580-1-forward;osm-1462422580-2-forward;osm-264100584-0-forward;osm-264100584-1-forward;osm-264100584-2-forward;osm-28437435-0-forward,reference_vtc
6,6096.0,643.0,643.0,2043.3,1600.0,-443.3,6.1,449.4,34.13,68.29,68.49,8.62,True,93149.8,522.5,33,1346,0,,,,asphalt_degraded=35%;asphalt_good=65%,0.354,network_end,route_end,45.107316,6.081466,45.086881,6.058396,0.0,Route des Lacs > Rond-Point des Pistes > Rue du Pic Blanc > D 211F > Rond-Point du Tour de France > Avenue de l'Étendard > Promenade Clotaire Collomb > Avenue de Brandes > tertiary > Chemin de la Chapelle ...,61,905950459;905944758;1082699911;905944753;905944752;234171512;40188688;222918435;1306494913;1306494907;264100535;264100533;1040486385;1040486390;28476170;91229843;119740916;28429105;1054770672;28429107;1112039601;119437608;724628366;264130580;93964270;105506488;93964252;1054770663;1054770667;264100532;105500354;1010059118;105500342;724634109;1462422580;264100584;28437435,https://www.openstreetmap.org/way/905950459,osm-905950459-0-forward;osm-905950459-1-forward;osm-905944758-0-forward;osm-1082699911-0-forward;osm-905944753-0-forward;osm-905944752-0-forward;osm-234171512-0-forward;osm-40188688-0-forward;osm-222918435-0-forward;osm-1306494913-0-forward;osm-1306494907-0-forward;osm-264100535-0-forward;osm-264100535-1-forward;osm-264100535-2-forward;osm-264100535-3-forward;osm-264100535-4-forward;osm-264100535-5-forward;osm-264100535-6-forward;osm-264100533-0-forward;osm-1040486385-0-forward;osm-1040486390-0-forward;osm-28476170-1-reverse;osm-91229843-6-reverse;osm-91229843-5-reverse;osm-91229843-4-reverse;osm-91229843-3-reverse;osm-91229843-2-reverse;osm-91229843-1-reverse;osm-91229843-0-reverse;osm-119740916-1-forward;osm-28429105-0-forward;osm-1054770672-0-forward;osm-28429107-0-forward;osm-28429107-1-forward;osm-28429107-2-forward;osm-28429107-3-forward;osm-28429107-4-forward;osm-28429107-5-forward;osm-1112039601-0-forward;osm-119437608-0-forward;osm-724628366-0-forward;osm-264130580-0-forward;osm-93964270-0-forward;osm-105506488-2-reverse;osm-105506488-1-reverse;osm-93964252-1-reverse;osm-93964252-0-reverse;osm-1054770663-0-forward;osm-1054770667-0-forward;osm-264100532-0-forward;osm-105500354-0-forward;osm-1010059118-0-forward;osm-105500342-0-reverse;osm-724634109-5-forward;osm-1462422580-0-forward;osm-1462422580-1-forward;osm-1462422580-2-forward;osm-264100584-0-forward;osm-264100584-1-forward;osm-264100584-2-forward;osm-28437435-0-forward,reference_vtc
7,6058.4,617.3,617.3,2043.3,1600.0,-443.3,1.4,444.7,35.33,56.88,56.88,6.91,True,80823.8,440.0,29,1174,0,,,,asphalt_degraded=33%;asphalt_good=67%,0.326,network_end,route_end,45.107316,6.081466,45.086881,6.058396,0.0,Route des Lacs > Rond-Point des Pistes > Rue du Pic Blanc > D 211F > Rond-Point du Tour de France > Avenue de l'Étendard > Promenade Clotaire Collomb > Avenue de Brandes > tertiary > Chemin de la Chapelle ...,57,905950459;905944758;1082699911;905944753;905944752;234171512;40188688;222918435;1306494913;1306494907;264100535;264100533;1040486385;1040486390;28476170;91229843;119740916;28429105;1054770672;28429107;1112039601;119437608;724628366;264130580;724634109;1462422580;264100584;28437435,https://www.openstreetmap.org/way/905950459,osm-905950459-0-forward;osm-905950459-1-forward;osm-905944758-0-forward;osm-1082699911-0-forward;osm-905944753-0-forward;osm-905944752-0-forward;osm-234171512-0-forward;osm-40188688-0-forward;osm-222918435-0-forward;osm-1306494913-0-forward;osm-1306494907-0-forward;osm-264100535-0-forward;osm-264100535-1-forward;osm-264100535-2-forward;osm-264100535-3-forward;osm-264100535-4-forward;osm-264100535-5-forward;osm-264100535-6-forward;osm-264100533-0-forward;osm-1040486385-0-forward;osm-1040486390-0-forward;osm-28476170-1-reverse;osm-91229843-6-reverse;osm-91229843-5-reverse;osm-91229843-4-reverse;osm-91229843-3-reverse;osm-91229843-2-reverse;osm-91229843-1-reverse;osm-91229843-0-reverse;osm-119740916-1-forward;osm-28429105-0-forward;osm-1054770672-0-forward;osm-28429107-0-forward;osm-28429107-1-forward;osm-28429107-2-forward;osm-28429107-3-forward;osm-28429107-4-forward;osm-28429107-5-forward;osm-1112039601-0-forward;osm-119437608-0-forward;osm-724628366-0-forward;osm-264130580-0-forward;osm-264130580-1-forward;osm-264130580-2-forward;osm-724634109-0-forward;osm-724634109-1-forward;osm-724634109-2-forward;osm-724634109-3-forward;osm-724634109-4-forward;osm-724634109-5-forward;osm-1462422580-0-forward;osm-1462422580-1-forward;osm-1462422580-2-forward;osm-264100584-0-forward;osm-264100584-1-forward;osm-264100584-2-forward;osm-28437435-0-forward,reference_vtc
8,5979.5,618.6,618.6,2043.3,1600.0,-443.3,4.3,447.6,34.8,68.29,68.49,12.81,True,94932.9,577.3,38,1513,0,,,,asphalt_degraded=35%;asphalt_good=65%,0.354,network_end,route_end,45.107316,6.081466,45.086881,6.058396,0.0,Route des Lacs > Rond-Point des Pistes > Rue du Pic Blanc > D 211F > Rond-Point du Tour de France > Avenue de l'Étendard > Promenade Clotaire Collomb > Avenue de Brandes > tertiary > Chemin de la Chapelle ...,60,905950459;905944758;1082699911;905944753;905944752;234171512;40188688;222918435;1306494913;1306494907;264100535;264100533;1040486385;1040486390;28476170;91229843;119740916;28429105;1054770672;28429107;1112039601;119437608;47637754;264100596;105500336;105506488;93964252;1054770663;1054770667;264100532;105500354;1010059118;105500342;724634109;1462422580;264100584;28437435,https://www.openstreetmap.org/way/905950459,osm-905950459-0-forward;osm-905950459-1-forward;osm-905944758-0-forward;osm-1082699911-0-forward;osm-905944753-0-forward;osm-905944752-0-forward;osm-234171512-0-forward;osm-40188688-0-forward;osm-222918435-0-forward;osm-1306494913-0-forward;osm-1306494907-0-forward;osm-264100535-0-forward;osm-264100535-1-forward;osm-264100535-2-forward;osm-264100535-3-forward;osm-264100535-4-forward;osm-264100535-5-forward;osm-264100535-6-forward;osm-264100533-0-forward;osm-1040486385-0-forward;osm-1040486390-0-forward;osm-28476170-1-reverse;osm-91229843-6-reverse;osm-91229843-5-reverse;osm-91229843-4-reverse;osm-91229843-3-reverse;osm-91229843-2-reverse;osm-91229843-1-reverse;osm-91229843-0-reverse;osm-119740916-1-forward;osm-28429105-0-forward;osm-1054770672-0-forward;osm-28429107-0-forward;osm-28429107-1-forward;osm-28429107-2-forward;osm-28429107-3-forward;osm-28429107-4-forward;osm-28429107-5-forward;osm-1112039601-0-forward;osm-119437608-0-forward;osm-47637754-0-forward;osm-264100596-0-forward;osm-105500336-3-reverse;osm-105506488-0-forward;osm-93964252-1-reverse;osm-93964252-0-reverse;osm-1054770663-0-forward;osm-1054770667-0-forward;osm-264100532-0-forward;osm-105500354-0-forward;osm-1010059118-0-forward;osm-105500342-0-reverse;osm-724634109-5-forward;osm-1462422580-0-forward;osm-1462422580-1-forward;osm-1462422580-2-forward;osm-264100584-0-forward;osm-264100584-1-forward;osm-264100584-2-forward;osm-28437435-0-forward,reference_vtc
9,5964.0,615.2,615.2,2043.3,1600.0,-443.3,4.3,447.6,34.9,68.29,68.49,12.81,True,95053.8,568.6,37,1468,0,,,,asphalt_degraded=35%;asphalt_good=65%,0.352,network_end,route_end,45.107316,6.081466,45.086881,6.058396,0.0,Route des Lacs > Rond-Point des Pistes > Rue du Pic Blanc > D 211F > Rond-Point du Tour de France > Avenue de l'Étendard > Promenade Clotaire Collomb > Avenue de Brandes > tertiary > Chemin de la Chapelle ...,59,905950459;905944758;1082699911;905944753;905944752;234171512;40188688;222918435;1306494913;1306494907;264100535;264100533;1040486385;1040486390;28476170;91229843;119740916;28429105;1054770672;28429107;1112039601;119437608;47637754;264100596;105500336;93964252;1054770663;1054770667;264100532;105500354;1010059118;105500342;724634109;1462422580;264100584;28437435,https://www.openstreetmap.org/way/905950459,osm-905950459-0-forward;osm-905950459-1-forward;osm-905944758-0-forward;osm-1082699911-0-forward;osm-905944753-0-forward;osm-905944752-0-forward;osm-234171512-0-forward;osm-40188688-0-forward;osm-222918435-0-forward;osm-1306494913-0-forward;osm-1306494907-0-forward;osm-264100535-0-forward;osm-264100535-1-forward;osm-264100535-2-forward;osm-264100535-3-forward;osm-264100535-4-forward;osm-264100535-5-forward;osm-264100535-6-forward;osm-264100533-0-forward;osm-1040486385-0-forward;osm-1040486390-0-forward;osm-28476170-1-reverse;osm-91229843-6-reverse;osm-91229843-5-reverse;osm-91229843-4-reverse;osm-91229843-3-reverse;osm-91229843-2-reverse;osm-91229843-1-reverse;osm-91229843-0-reverse;osm-119740916-1-forward;osm-28429105-0-forward;osm-1054770672-0-forward;osm-28429107-0-forward;osm-28429107-1-forward;osm-28429107-2-forward;osm-28429107-3-forward;osm-28429107-4-forward;osm-28429107-5-forward;osm-1112039601-0-forward;osm-119437608-0-forward;osm-47637754-0-forward;osm-264100596-0-forward;osm-105500336-3-reverse;osm-105500336-2-reverse;osm-93964252-0-reverse;osm-1054770663-0-forward;osm-1054770667-0-forward;osm-264100532-0-forward;osm-105500354-0-forward;osm-1010059118-0-forward;osm-105500342-0-reverse;osm-724634109-5-forward;osm-1462422580-0-forward;osm-1462422580-1-forward;osm-1462422580-2-forward;osm-264100584-0-forward;osm-264100584-1-forward;osm-264100584-2-forward;osm-28437435-0-forward,reference_vtc
10,5946.1,609.2,609.2,2043.3,1600.0,-443.3,4.3,447.6,35.14,68.29,68.49,12.81,True,93870.3,514.0,32,1302,0,,,,asphalt_degraded=35%;asphalt_good=65%,0.351,network_end,route_end,45.107316,6.081466,45.086881,6.058396,0.0,Route des Lacs > Rond-Point des Pistes > Rue du Pic Blanc > D 211F > Rond-Point du Tour de France > Avenue de l'Étendard > Promenade Clotaire Collomb > Avenue de Brandes > tertiary > Chemin de la Chapelle ...,59,905950459;905944758;1082699911;905944753;905944752;234171512;40188688;222918435;1306494913;1306494907;264100535;264100533;1040486385;1040486390;28476170;91229843;119740916;28429105;1054770672;28429107;1112039601;119437608;47637754;264100596;1054770668;1054770664;1054770663;1054770667;264100532;105500354;1010059118;105500342;724634109;1462422580;264100584;28437435,https://www.openstreetmap.org/way/905950459,osm-905950459-0-forward;osm-905950459-1-forward;osm-905944758-0-forward;osm-1082699911-0-forward;osm-905944753-0-forward;osm-905944752-0-forward;osm-234171512-0-forward;osm-40188688-0-forward;osm-222918435-0-forward;osm-1306494913-0-forward;osm-1306494907-0-forward;osm-264100535-0-forward;osm-264100535-1-forward;osm-264100535-2-forward;osm-264100535-3-forward;osm-264100535-4-forward;osm-264100535-5-forward;osm-264100535-6-forward;osm-264100533-0-forward;osm-1040486385-0-forward;osm-1040486390-0-forward;osm-28476170-1-reverse;osm-91229843-6-reverse;osm-91229843-5-reverse;osm-91229843-4-reverse;osm-91229843-3-reverse;osm-91229843-2-reverse;osm-91229843-1-reverse;osm-91229843-0-reverse;osm-119740916-1-forward;osm-28429105-0-forward;osm-1054770672-0-forward;osm-28429107-0-forward;osm-28429107-1-forward;osm-28429107-2-forward;osm-28429107-3-forward;osm-28429107-4-forward;osm-28429107-5-forward;osm-1112039601-0-forward;osm-119437608-0-forward;osm-47637754-0-forward;osm-264100596-0-forward;osm-264100596-1-forward;osm-1054770668-0-forward;osm-1054770664-0-forward;osm-1054770663-0-forward;osm-1054770667-0-forward;osm-264100532-0-forward;osm-105500354-0-forward;osm-1010059118-0-forward;osm-105500342-0-reverse;osm-724634109-5-forward;osm-1462422580-0-forward;osm-1462422580-1-forward;osm-1462422580-2-forward;osm-264100584-0-forward;osm-264100584-1-forward;osm-264100584-2-forward;osm-28437435-0-forward,reference_vtc
11,5162.4,612.9,612.9,2043.3,1730.2,-313.1,27.9,341.0,30.32,68.29,68.49,0.04,True,67339.4,424.2,26,1034,0,5158.5,5162.2,5162.2,asphalt_degraded=40%;asphalt_good=60%,0.4,definitive_stop,definitive_stop,45.107316,6.081466,45.091835,6.057384,0.0,Route des Lacs > Rond-Point des Pistes > Rue du Pic Blanc > D 211F > Rond-Point du Tour de France > Avenue de l'Étendard > Promenade Clotaire Collomb > Rue de la Grenouillère > Avenue des Jeux > Avenue de Brandes ...,54,905950459;905944758;1082699911;905944753;905944752;234171512;40188688;222918435;1306494913;1306494907;264100535;264100533;1040486385;1040486390;28476170;91229843;1054770671;28476168;119740916;28429105;1054770672;28429107;1112039601;119437608;724628366;264130580;93964270;105506488;93964252;1054770663;1054770667;264100532;105500354;1010059118;105500342;724634109,https://www.openstreetmap.org/way/905950459,osm-905950459-0-forward;osm-905950459-1-forward;osm-905944758-0-forward;osm-1082699911-0-forward;osm-905944753-0-forward;osm-905944752-0-forward;osm-234171512-0-forward;osm-40188688-0-forward;osm-222918435-0-forward;osm-1306494913-0-forward;osm-1306494907-0-forward;osm-264100535-0-forward;osm-264100535-1-forward;osm-264100535-2-forward;osm-264100535-3-forward;osm-264100535-4-forward;osm-264100535-5-forward;osm-264100535-6-forward;osm-264100533-0-forward;osm-1040486385-0-forward;osm-1040486390-0-forward;osm-28476170-1-reverse;osm-91229843-6-reverse;osm-1054770671-0-forward;osm-1054770671-1-forward;osm-28476168-2-forward;osm-28476168-3-forward;osm-28476168-4-forward;osm-119740916-0-forward;osm-119740916-1-forward;osm-28429105-0-forward;osm-1054770672-0-forward;osm-28429107-0-forward;osm-28429107-1-forward;osm-28429107-2-forward;osm-28429107-3-forward;osm-28429107-4-forward;osm-28429107-5-forward;osm-1112039601-0-forward;osm-119437608-0-forward;osm-724628366-0-forward;osm-264130580-0-forward;osm-93964270-0-forward;osm-105506488-2-reverse;osm-105506488-1-reverse;osm-93964252-1-reverse;osm-93964252-0-reverse;osm-1054770663-0-forward;osm-1054770667-0-forward;osm-264100532-0-forward;osm-105500354-0-forward;osm-1010059118-0-forward;osm-105500342-0-reverse;osm-724634109-4-reverse,reference_vtc
12,5149.6,591.7,591.7,2043.3,1720.4,-322.9,16.5,339.4,31.33,54.89,54.89,0.13,True,58091.4,358.4,24,929,0,5148.6,5149.6,5149.6,asphalt_degraded=36%;asphalt_good=64%,0.36,definitive_stop,definitive_stop,45.107316,6.081466,45.090161,6.060924,0.0,Route des Lacs > Rond-Point des Pistes > Rue du Pic Blanc > D 211F > Rond-Point du Tour de France > Avenue de l'Étendard > Promenade Clotaire Collomb > Rue de la Grenouillère > Avenue des Jeux > Avenue de Brandes ...,50,905950459;905944758;1082699911;905944753;905944752;234171512;40188688;222918435;1306494913;1306494907;264100535;264100533;1040486385;1040486390;28476170;91229843;1054770671;28476168;119740916;28429105;1054770672;28429107;1112039601;119437608;724628366;264130580;724634109;105500342,https://www.openstreetmap.org/way/905950459,osm-905950459-0-forward;osm-905950459-1-forward;osm-905944758-0-forward;osm-1082699911-0-forward;osm-905944753-0-forward;osm-905944752-0-forward;osm-234171512-0-forward;osm-40188688-0-forward;osm-222918435-0-forward;osm-1306494913-0-forward;osm-1306494907-0-forward;osm-264100535-0-forward;osm-264100535-1-forward;osm-264100535-2-forward;osm-264100535-3-forward;osm-264100535-4-forward;osm-264100535-5-forward;osm-264100535-6-forward;osm-264100533-0-forward;osm-1040486385-0-forward;osm-1040486390-0-forward;osm-28476170-1-reverse;osm-91229843-6-reverse;osm-1054770671-0-forward;osm-1054770671-1-forward;osm-28476168-2-forward;osm-28476168-3-forward;osm-28476168-4-forward;osm-119740916-0-forward;osm-119740916-1-forward;osm-28429105-0-forward;osm-1054770672-0-forward;osm-28429107-0-forward;osm-28429107-1-forward;osm-28429107-2-forward;osm-28429107-3-forward;osm-28429107-4-forward;osm-28429107-5-forward;osm-1112039601-0-forward;osm-119437608-0-forward;osm-724628366-0-forward;osm-264130580-0-forward;osm-264130580-1-forward;osm-264130580-2-forward;osm-724634109-0-forward;osm-724634109-1-forward;osm-724634109-2-forward;osm-724634109-3-forward;osm-724634109-4-forward;osm-105500342-0-forward,reference_vtc
13,5045.8,588.5,588.5,2043.3,1730.2,-313.1,26.1,339.2,30.87,68.29,68.49,0.04,True,69122.4,478.9,31,1201,0,5041.9,5045.7,5045.7,asphalt_degraded=40%;asphalt_good=60%,0.401,definitive_stop,definitive_stop,45.107316,6.081466,45.091835,6.057384,0.0,Route des Lacs > Rond-Point des Pistes > Rue du Pic Blanc > D 211F > Rond-Point du Tour de France > Avenue de l'Étendard > Promenade Clotaire Collomb > Rue de la Grenouillère > Avenue des Jeux > Avenue de Brandes ...,53,905950459;905944758;1082699911;905944753;905944752;234171512;40188688;222918435;1306494913;1306494907;264100535;264100533;1040486385;1040486390;28476170;91229843;1054770671;28476168;119740916;28429105;1054770672;28429107;1112039601;119437608;47637754;264100596;105500336;105506488;93964252;1054770663;1054770667;264100532;105500354;1010059118;105500342;724634109,https://www.openstreetmap.org/way/905950459,osm-905950459-0-forward;osm-905950459-1-forward;osm-905944758-0-forward;osm-1082699911-0-forward;osm-905944753-0-forward;osm-905944752-0-forward;osm-234171512-0-forward;osm-40188688-0-forward;osm-222918435-0-forward;osm-1306494913-0-forward;osm-1306494907-0-forward;osm-264100535-0-forward;osm-264100535-1-forward;osm-264100535-2-forward;osm-264100535-3-forward;osm-264100535-4-forward;osm-264100535-5-forward;osm-264100535-6-forward;osm-264100533-0-forward;osm-1040486385-0-forward;osm-1040486390-0-forward;osm-28476170-1-reverse;osm-91229843-6-reverse;osm-1054770671-0-forward;osm-1054770671-1-forward;osm-28476168-2-forward;osm-28476168-3-forward;osm-28476168-4-forward;osm-119740916-0-forward;osm-119740916-1-forward;osm-28429105-0-forward;osm-1054770672-0-forward;osm-28429107-0-forward;osm-28429107-1-forward;osm-28429107-2-forward;osm-28429107-3-forward;osm-28429107-4-forward;osm-28429107-5-forward;osm-1112039601-0-forward;osm-119437608-0-forward;osm-47637754-0-forward;osm-264100596-0-forward;osm-105500336-3-reverse;osm-105506488-0-forward;osm-93964252-1-reverse;osm-93964252-0-reverse;osm-1054770663-0-forward;osm-1054770667-0-forward;osm-264100532-0-forward;osm-105500354-0-forward;osm-1010059118-0-forward;osm-105500342-0-reverse;osm-724634109-4-reverse,reference_vtc
14,5030.4,585.2,585.2,2043.3,1730.2,-313.1,26.1,339.2,30.95,68.29,68.49,0.04,True,69285.7,470.3,31,1159,0,5026.5,5030.2,5030.2,asphalt_degraded=40%;asphalt_good=60%,0.4,definitive_stop,definitive_stop,45.107316,6.081466,45.091835,6.057384,0.0,Route des Lacs > Rond-Point des Pistes > Rue du Pic Blanc > D 211F > Rond-Point du Tour de France > Avenue de l'Étendard > Promenade Clotaire Collomb > Rue de la Grenouillère > Avenue des Jeux > Avenue de Brandes ...,52,905950459;905944758;1082699911;905944753;905944752;234171512;40188688;222918435;1306494913;1306494907;264100535;264100533;1040486385;1040486390;28476170;91229843;1054770671;28476168;119740916;28429105;1054770672;28429107;1112039601;119437608;47637754;264100596;105500336;93964252;1054770663;1054770667;264100532;105500354;1010059118;105500342;724634109,https://www.openstreetmap.org/way/905950459,osm-905950459-0-forward;osm-905950459-1-forward;osm-905944758-0-forward;osm-1082699911-0-forward;osm-905944753-0-forward;osm-905944752-0-forward;osm-234171512-0-forward;osm-40188688-0-forward;osm-222918435-0-forward;osm-1306494913-0-forward;osm-1306494907-0-forward;osm-264100535-0-forward;osm-264100535-1-forward;osm-264100535-2-forward;osm-264100535-3-forward;osm-264100535-4-forward;osm-264100535-5-forward;osm-264100535-6-forward;osm-264100533-0-forward;osm-1040486385-0-forward;osm-1040486390-0-forward;osm-28476170-1-reverse;osm-91229843-6-reverse;osm-1054770671-0-forward;osm-1054770671-1-forward;osm-28476168-2-forward;osm-28476168-3-forward;osm-28476168-4-forward;osm-119740916-0-forward;osm-119740916-1-forward;osm-28429105-0-forward;osm-1054770672-0-forward;osm-28429107-0-forward;osm-28429107-1-forward;osm-28429107-2-forward;osm-28429107-3-forward;osm-28429107-4-forward;osm-28429107-5-forward;osm-1112039601-0-forward;osm-119437608-0-forward;osm-47637754-0-forward;osm-264100596-0-forward;osm-105500336-3-reverse;osm-105500336-2-reverse;osm-93964252-0-reverse;osm-1054770663-0-forward;osm-1054770667-0-forward;osm-264100532-0-forward;osm-105500354-0-forward;osm-1010059118-0-forward;osm-105500342-0-reverse;osm-724634109-4-reverse,reference_vtc
15,5024.1,587.4,587.4,2043.3,1597.4,-445.9,23.9,469.9,30.79,54.89,54.89,0.39,True,40176.6,281.9,20,745,0,5023.8,5024.1,5024.1,asphalt_degraded=28%;asphalt_good=72%,0.282,definitive_stop,definitive_stop,45.107316,6.081466,45.086623,6.058746,0.0,Route des Lacs > Rond-Point des Pistes > Rue du Pic Blanc > D 211F > Rond-Point du Tour de France > Avenue de l'Étendard > Promenade Clotaire Collomb > Rue de la Grenouillère > Rue du Maquis de l'Oisans > D 211F ...,47,905950459;905944758;1082699911;905944753;905944752;234171512;40188688;222918435;1306494913;1306494907;264100535;264100533;1040486385;1040486390;28476170;91229843;91229844;91229842;28452050;264100534;264100587;119307789;264100531;28417066;264100600;724628368;49793787;28452293;1016849386;1016849384;1016849383;122019442;28452292;1267647424;264100557,https://www.openstreetmap.org/way/905950459,osm-905950459-0-forward;osm-905950459-1-forward;osm-905944758-0-forward;osm-1082699911-0-forward;osm-905944753-0-forward;osm-905944752-0-forward;osm-234171512-0-forward;osm-40188688-0-forward;osm-222918435-0-forward;osm-1306494913-0-forward;osm-1306494907-0-forward;osm-264100535-0-forward;osm-264100535-1-forward;osm-264100535-2-forward;osm-264100535-3-forward;osm-264100535-4-forward;osm-264100535-5-forward;osm-264100535-6-forward;osm-264100533-0-forward;osm-1040486385-0-forward;osm-1040486390-0-forward;osm-28476170-1-reverse;osm-91229843-6-reverse;osm-91229844-0-forward;osm-91229842-0-reverse;osm-28452050-2-forward;osm-28452050-3-forward;osm-264100534-0-forward;osm-264100587-0-forward;osm-119307789-0-forward;osm-264100531-0-forward;osm-28417066-0-forward;osm-264100600-0-forward;osm-724628368-0-forward;osm-49793787-0-forward;osm-28452293-1-reverse;osm-1016849386-1-reverse;osm-1016849384-0-reverse;osm-1016849383-0-reverse;osm-122019442-0-reverse;osm-28452292-4-reverse;osm-28452292-3-reverse;osm-28452292-2-reverse;osm-28452292-1-reverse;osm-28452292-0-reverse;osm-1267647424-0-forward;osm-264100557-0-forward,reference_vtc
16,5012.4,579.1,579.1,2043.3,1730.2,-313.1,26.1,339.2,31.16,68.29,68.49,0.04,True,68059.9,415.7,25,990,0,5008.5,5012.2,5012.2,asphalt_degraded=40%;asphalt_good=60%,0.397,definitive_stop,definitive_stop,45.107316,6.081466,45.091835,6.057384,0.0,Route des Lacs > Rond-Point des Pistes > Rue du Pic Blanc > D 211F > Rond-Point du Tour de France > Avenue de l'Étendard > Promenade Clotaire Collomb > Rue de la Grenouillère > Avenue des Jeux > Avenue de Brandes ...,52,905950459;905944758;1082699911;905944753;905944752;234171512;40188688;222918435;1306494913;1306494907;264100535;264100533;1040486385;1040486390;28476170;91229843;1054770671;28476168;119740916;28429105;1054770672;28429107;1112039601;119437608;47637754;264100596;1054770668;1054770664;1054770663;1054770667;264100532;105500354;1010059118;105500342;724634109,https://www.openstreetmap.org/way/905950459,osm-905950459-0-forward;osm-905950459-1-forward;osm-905944758-0-forward;osm-1082699911-0-forward;osm-905944753-0-forward;osm-905944752-0-forward;osm-234171512-0-forward;osm-40188688-0-forward;osm-222918435-0-forward;osm-1306494913-0-forward;osm-1306494907-0-forward;osm-264100535-0-forward;osm-264100535-1-forward;osm-264100535-2-forward;osm-264100535-3-forward;osm-264100535-4-forward;osm-264100535-5-forward;osm-264100535-6-forward;osm-264100533-0-forward;osm-1040486385-0-forward;osm-1040486390-0-forward;osm-28476170-1-reverse;osm-91229843-6-reverse;osm-1054770671-0-forward;osm-1054770671-1-forward;osm-28476168-2-forward;osm-28476168-3-forward;osm-28476168-4-forward;osm-119740916-0-forward;osm-119740916-1-forward;osm-28429105-0-forward;osm-1054770672-0-forward;osm-28429107-0-forward;osm-28429107-1-forward;osm-28429107-2-forward;osm-28429107-3-forward;osm-28429107-4-forward;osm-28429107-5-forward;osm-1112039601-0-forward;osm-119437608-0-forward;osm-47637754-0-forward;osm-264100596-0-forward;osm-264100596-1-forward;osm-1054770668-0-forward;osm-1054770664-0-forward;osm-1054770663-0-forward;osm-1054770667-0-forward;osm-264100532-0-forward;osm-105500354-0-forward;osm-1010059118-0-forward;osm-105500342-0-reverse;osm-724634109-4-reverse,reference_vtc
17,4987.6,578.2,578.2,2043.3,1597.4,-445.9,24.1,470.0,31.05,54.89,54.89,0.39,True,40487.0,292.4,21,789,0,4987.2,4987.5,4987.5,asphalt_degraded=28%;asphalt_good=72%,0.283,definitive_stop,definitive_stop,45.107316,6.081466,45.086623,6.058746,0.0,Route des Lacs > Rond-Point des Pistes > Rue du Pic Blanc > D 211F > Rond-Point du Tour de France > Avenue de l'Étendard > Promenade Clotaire Collomb > Rue de la Grenouillère > Rue du Maquis de l'Oisans > D 211F ...,46,905950459;905944758;1082699911;905944753;905944752;234171512;40188688;222918435;1306494913;1306494907;264100535;264100533;1040486385;1040486390;28476170;91229843;91229844;91229842;28452050;264100534;264100587;119307789;264100531;28417066;264100600;724628368;49793787;28452293;1016849386;1016849384;1016849383;122019432;122019502;28452292;1267647424;264100557,https://www.openstreetmap.org/way/905950459,osm-905950459-0-forward;osm-905950459-1-forward;osm-905944758-0-forward;osm-1082699911-0-forward;osm-905944753-0-forward;osm-905944752-0-forward;osm-234171512-0-forward;osm-40188688-0-forward;osm-222918435-0-forward;osm-1306494913-0-forward;osm-1306494907-0-forward;osm-264100535-0-forward;osm-264100535-1-forward;osm-264100535-2-forward;osm-264100535-3-forward;osm-264100535-4-forward;osm-264100535-5-forward;osm-264100535-6-forward;osm-264100533-0-forward;osm-1040486385-0-forward;osm-1040486390-0-forward;osm-28476170-1-reverse;osm-91229843-6-reverse;osm-91229844-0-forward;osm-91229842-0-reverse;osm-28452050-2-forward;osm-28452050-3-forward;osm-264100534-0-forward;osm-264100587-0-forward;osm-119307789-0-forward;osm-264100531-0-forward;osm-28417066-0-forward;osm-264100600-0-forward;osm-724628368-0-forward;osm-49793787-0-forward;osm-28452293-1-reverse;osm-1016849386-1-reverse;osm-1016849384-0-reverse;osm-1016849383-0-reverse;osm-122019432-1-reverse;osm-122019502-0-reverse;osm-28452292-2-reverse;osm-28452292-1-reverse;osm-28452292-0-reverse;osm-1267647424-0-forward;osm-264100557-0-forward,reference_vtc
18,4967.2,545.2,545.2,2043.3,1730.2,-313.1,26.5,339.6,32.8,68.29,68.49,0.04,True,66634.1,433.1,27,1043,0,4963.3,4967.0,4967.0,asphalt_degraded=42%;asphalt_good=58%,0.415,definitive_stop,definitive_stop,45.107316,6.081466,45.091835,6.057384,0.0,Route des Lacs > Rond-Point des Pistes > Rue du Pic Blanc > D 211F > Rond-Point du Tour de France > Avenue de l'Étendard > Promenade Clotaire Collomb > Avenue de Brandes > tertiary > Chemin de la Chapelle ...,54,905950459;905944758;1082699911;905944753;905944752;234171512;40188688;222918435;1306494913;1306494907;264100535;264100533;1040486385;1040486390;28476170;91229843;119740916;28429105;1054770672;28429107;1112039601;119437608;724628366;264130580;93964270;105506488;93964252;1054770663;1054770667;264100532;105500354;1010059118;105500342;724634109,https://www.openstreetmap.org/way/905950459,osm-905950459-0-forward;osm-905950459-1-forward;osm-905944758-0-forward;osm-1082699911-0-forward;osm-905944753-0-forward;osm-905944752-0-forward;osm-234171512-0-forward;osm-40188688-0-forward;osm-222918435-0-forward;osm-1306494913-0-forward;osm-1306494907-0-forward;osm-264100535-0-forward;osm-264100535-1-forward;osm-264100535-2-forward;osm-264100535-3-forward;osm-264100535-4-forward;osm-264100535-5-forward;osm-264100535-6-forward;osm-264100533-0-forward;osm-1040486385-0-forward;osm-1040486390-0-forward;osm-28476170-1-reverse;osm-91229843-6-reverse;osm-91229843-5-reverse;osm-91229843-4-reverse;osm-91229843-3-reverse;osm-91229843-2-reverse;osm-91229843-1-reverse;osm-91229843-0-reverse;osm-119740916-1-forward;osm-28429105-0-forward;osm-1054770672-0-forward;osm-28429107-0-forward;osm-28429107-1-forward;osm-28429107-2-forward;osm-28429107-3-forward;osm-28429107-4-forward;osm-28429107-5-forward;osm-1112039601-0-forward;osm-119437608-0-forward;osm-724628366-0-forward;osm-264130580-0-forward;osm-93964270-0-forward;osm-105506488-2-reverse;osm-105506488-1-reverse;osm-93964252-1-reverse;osm-93964252-0-reverse;osm-1054770663-0-forward;osm-1054770667-0-forward;osm-264100532-0-forward;osm-105500354-0-forward;osm-1010059118-0-forward;osm-105500342-0-reverse;osm-724634109-4-reverse,reference_vtc
19,4963.8,586.2,586.2,2043.3,1597.4,-445.9,25.5,471.4,30.48,54.89,54.89,0.39,True,39898.3,266.6,19,689,0,4963.5,4963.8,4963.8,asphalt_degraded=28%;asphalt_good=72%,0.284,definitive_stop,definitive_stop,45.107316,6.081466,45.086623,6.058746,0.0,Route des Lacs > Rond-Point des Pistes > Rue du Pic Blanc > D 211F > Rond-Point du Tour de France > Avenue de l'Étendard > Promenade Clotaire Collomb > Rue de la Grenouillère > Rue du Maquis de l'Oisans > D 211F ...,48,905950459;905944758;1082699911;905944753;905944752;234171512;40188688;222918435;1306494913;1306494907;264100535;264100533;1040486385;1040486390;28476170;91229843;91229844;91229842;28452050;264100534;264100587;119307789;264100531;28417066;264100600;724628368;49793787;28452293;1016849386;1016849383;122019424;28452292;1267647424;264100557,https://www.openstreetmap.org/way/905950459,osm-905950459-0-forward;osm-905950459-1-forward;osm-905944758-0-forward;osm-1082699911-0-forward;osm-905944753-0-forward;osm-905944752-0-forward;osm-234171512-0-forward;osm-40188688-0-forward;osm-222918435-0-forward;osm-1306494913-0-forward;osm-1306494907-0-forward;osm-264100535-0-forward;osm-264100535-1-forward;osm-264100535-2-forward;osm-264100535-3-forward;osm-264100535-4-forward;osm-264100535-5-forward;osm-264100535-6-forward;osm-264100533-0-forward;osm-1040486385-0-forward;osm-1040486390-0-forward;osm-28476170-1-reverse;osm-91229843-6-reverse;osm-91229844-0-forward;osm-91229842-0-reverse;osm-28452050-2-forward;osm-28452050-3-forward;osm-264100534-0-forward;osm-264100587-0-forward;osm-119307789-0-forward;osm-264100531-0-forward;osm-28417066-0-forward;osm-264100600-0-forward;osm-724628368-0-forward;osm-49793787-0-forward;osm-28452293-1-reverse;osm-1016849386-1-reverse;osm-1016849386-0-reverse;osm-1016849383-2-reverse;osm-122019424-0-reverse;osm-28452292-5-reverse;osm-28452292-4-reverse;osm-28452292-3-reverse;osm-28452292-2-reverse;osm-28452292-1-reverse;osm-28452292-0-reverse;osm-1267647424-0-forward;osm-264100557-0-forward,reference_vtc
20,4954.5,523.9,523.9,2043.3,1720.4,-322.9,15.1,338.0,34.04,54.89,54.89,0.13,True,57318.2,357.3,25,920,0,4953.4,4954.4,4954.4,asphalt_degraded=37%;asphalt_good=63%,0.374,definitive_stop,definitive_stop,45.107316,6.081466,45.090161,6.060924,0.0,Route des Lacs > Rond-Point des Pistes > Rue du Pic Blanc > D 211F > Rond-Point du Tour de France > Avenue de l'Étendard > Promenade Clotaire Collomb > Avenue de Brandes > tertiary > Chemin de la Chapelle ...,50,905950459;905944758;1082699911;905944753;905944752;234171512;40188688;222918435;1306494913;1306494907;264100535;264100533;1040486385;1040486390;28476170;91229843;119740916;28429105;1054770672;28429107;1112039601;119437608;724628366;264130580;724634109;105500342,https://www.openstreetmap.org/way/905950459,osm-905950459-0-forward;osm-905950459-1-forward;osm-905944758-0-forward;osm-1082699911-0-forward;osm-905944753-0-forward;osm-905944752-0-forward;osm-234171512-0-forward;osm-40188688-0-forward;osm-222918435-0-forward;osm-1306494913-0-forward;osm-1306494907-0-forward;osm-264100535-0-forward;osm-264100535-1-forward;osm-264100535-2-forward;osm-264100535-3-forward;osm-264100535-4-forward;osm-264100535-5-forward;osm-264100535-6-forward;osm-264100533-0-forward;osm-1040486385-0-forward;osm-1040486390-0-forward;osm-28476170-1-reverse;osm-91229843-6-reverse;osm-91229843-5-reverse;osm-91229843-4-reverse;osm-91229843-3-reverse;osm-91229843-2-reverse;osm-91229843-1-reverse;osm-91229843-0-reverse;osm-119740916-1-forward;osm-28429105-0-forward;osm-1054770672-0-forward;osm-28429107-0-forward;osm-28429107-1-forward;osm-28429107-2-forward;osm-28429107-3-forward;osm-28429107-4-forward;osm-28429107-5-forward;osm-1112039601-0-forward;osm-119437608-0-forward;osm-724628366-0-forward;osm-264130580-0-forward;osm-264130580-1-forward;osm-264130580-2-forward;osm-724634109-0-forward;osm-724634109-1-forward;osm-724634109-2-forward;osm-724634109-3-forward;osm-724634109-4-forward;osm-105500342-0-forward,reference_vtc
